SALARY,TITLE,DEPARTMENT
43274.71,ADMINISTRATIVE ASSISTANT,DEPT OF COMMUNITY DEVELOPMENT
89964.46,PUBLIC WORKS OPERATIONS MGR,PUBLIC WORKS
60261.96,TRANSPORTATION PLANNER II,PUBLIC WORKS
12238.98,PARTTIME OFFICIAL/ADMIN,COUNCIL
12238.98,PARTTIME OFFICIAL/ADMIN,COUNCIL
12238.98,PARTTIME OFFICIAL/ADMIN,COUNCIL
12238.98,PARTTIME OFFICIAL/ADMIN,COUNCIL
12238.98,PARTTIME OFFICIAL/ADMIN,COUNCIL
48880,EXECUTIVE ASSISTANT TO CITY MG,CITY MANAGER
67320.6,ORGANIZATION DEV MANAGER,CITY MANAGER
160860.18,CITY MANAGER,CITY MANAGER
49031.85,EXECUTIVE ASSISTANT TO CITY MG,CITY MANAGER
89888,SENIOR ASSISTANT TO CITY MANAG,CITY MANAGER
46886.7,EXECUTIVE ASSISTANT TO CITY MG,CITY MANAGER
117420,DEPUTY CITY MANAGER,CITY MANAGER
33390,STAFF ASSISTANT,CITY MANAGER
70385.12,STRATEGIC INITIATIVE MANAGER,CITY MANAGER
62134.8,PRINCIPAL BUDGET & MGMT ANALYS,CITY MANAGER
21008,SERVICE MAINTENANCE,CITY MANAGER
122003.5,DEPUTY CITY MANAGER,CITY MANAGER
62675.68,PRINCIPAL BUDGET & MGMT ANALYS,CITY MANAGER
49438.4,PUBLIC AFFAIRS  SPECIALIST,CITY MANAGER
45410.06,PROGRAM PRODUCTION MANAGER,CITY MANAGER
44557.8,PUBLIC AFFAIRS  SPECIALIST,CITY MANAGER
94815,PUBLIC AFFAIRS DIRECTOR,CITY MANAGER
42335.34,CUSTOMER SERVICE SUPERVISOR,CITY MANAGER
29512.52,CUSTOMER SERVICE REPRESENTATIV,CITY MANAGER
29628.06,CUSTOMER SERVICE REPRESENTATIV,CITY MANAGER
30039.34,CUSTOMER SERVICE REPRESENTATIV,CITY MANAGER
32184.41,CUSTOMER SERVICE REPRESENTATIV,CITY MANAGER
34473.07,CUSTOMER SERVICE REPRESENTATIV,CITY MANAGER
34665.18,CUSTOMER SERVICE REPRESENTATIV,CITY MANAGER
28574.7,CUSTOMER SERVICE REPRESENTATIV,CITY MANAGER
49303.8,ADMINISTRATIVE ASSISTANT,CITY MANAGER
31991.4,CALL CENTER LEAD/TRAINER,CITY MANAGER
28524.6,CUSTOMER SERVICE REPRESENTATIV,CITY MANAGER
45781.29,MANAGEMENT ASSISTANT,CITY CLERK
62563.97,DEPUTY CITY CLERK,CITY CLERK
46609.7,MANAGEMENT ASSISTANT,CITY CLERK
45698.73,MANAGEMENT ASSISTANT,CITY CLERK
89987.04,CITY CLERK,CITY CLERK
34162.66,EXECUTIVE SECRETARY,CITY CLERK
44508.01,ADMINISTRATIVE ASSISTANT,CITY CLERK
175702.8,CITY ATTORNEY,CITY ATTORNEY
83323.97,SR ASSISTANT CITY ATTORNEY,CITY ATTORNEY
35153.06,SECRETARY,CITY ATTORNEY
88000,SR ASSISTANT CITY ATTORNEY,CITY ATTORNEY
98702.06,SR ASSISTANT CITY ATTORNEY,CITY ATTORNEY
112226.24,SR ASSISTANT CITY ATTORNEY,CITY ATTORNEY
121789.39,SR ASSISTANT CITY ATTORNEY,CITY ATTORNEY
36913.76,PARALEGAL,CITY ATTORNEY
44480.16,ASSISTANT TO CITY ATTORNEY,CITY ATTORNEY
60894.73,SR ASSISTANT CITY ATTORNEY,CITY ATTORNEY
61493.04,INTERNAL AUDITOR,AUDIT SERVICES
93335.51,SERVCES,AUDIT SERVICES
51474.02,SENIOR INTERNAL AUDITOR,AUDIT SERVICES
42533.13,MANAGEMENT ASSISTANT,AUDIT SERVICES
67782,SENIOR INTERNAL AUDITOR,AUDIT SERVICES
64148.45,CORPORATE SR BUDGET & MGMT AN,BUDGET AND MANAGEMENT SERVICES
118165.7,ASSISTANT CITY MANAGER,BUDGET AND MANAGEMENT SERVICES
48179.25,CORPORATE BUDGET & MGMT ANAL,BUDGET AND MANAGEMENT SERVICES
46010.63,CORPORATE BUDGET & MGMT ANAL,BUDGET AND MANAGEMENT SERVICES
38808,MANAGEMENT ASSISTANT,BUDGET AND MANAGEMENT SERVICES
78440,ASST BUD/MGT SERV DIRECTOR,BUDGET AND MANAGEMENT SERVICES
72556.63,COR PRINCIPAL BUDGET & MGMT AN,BUDGET AND MANAGEMENT SERVICES
88862.54,ASST BUD/MGT SERV DIRECTOR,BUDGET AND MANAGEMENT SERVICES
56763,CORPORATE SR BUDGET & MGMT AN,BUDGET AND MANAGEMENT SERVICES
111859.7,ASSISTANT CITY MANAGER,ECONOMIC & EMPLOYMENT DEVELOPM
58738.72,SR. ECONOMIC DEVELOPMENT COORD,ECONOMIC & EMPLOYMENT DEVELOPM
75967.76,DEVELOP.,ECONOMIC & EMPLOYMENT DEVELOPM
42960.64,ECONOMIC DEVELOPMENT COORDINAT,ECONOMIC & EMPLOYMENT DEVELOPM
35616.02,EXECUTIVE SECRETARY,ECONOMIC & EMPLOYMENT DEVELOPM
53962.55,FISCAL PROGRAM ACCOUNTANT,ECONOMIC & EMPLOYMENT DEVELOPM
66560,PARTTIME OFFICE/CLERICAL,ECONOMIC & EMPLOYMENT DEVELOPM
42984.57,ASST COMMUNICATIONS SHIFT SUPV,EMERGENCY COMMUNICATION
38250.04,COMMUNICATIONS OFFICER,EMERGENCY COMMUNICATION
36592.19,COMMUNICATIONS OFFICER,EMERGENCY COMMUNICATION
45888.5,TELECOMMUNICATOR TRAINEE,EMERGENCY COMMUNICATION
33022.08,COMMUNICATIONS OFFICER,EMERGENCY COMMUNICATION
29536,COMMUNICATIONS OFFICER,EMERGENCY COMMUNICATION
38617.82,COMMUNICATIONS OFFICER,EMERGENCY COMMUNICATION
36934.98,COMMUNICATIONS OFFICER,EMERGENCY COMMUNICATION
35212,COMMUNICATIONS OFFICER,EMERGENCY COMMUNICATION
33022.08,COMMUNICATIONS OFFICER,EMERGENCY COMMUNICATION
51045.02,COMMUNICATIONS SHIFT SUPERVISO,EMERGENCY COMMUNICATION
31012.8,COMMUNICATIONS OFFICER,EMERGENCY COMMUNICATION
29536,COMMUNICATIONS OFFICER,EMERGENCY COMMUNICATION
31012.8,COMMUNICATIONS OFFICER,EMERGENCY COMMUNICATION
56109.04,TELECOMMUNICATOR TRAINEE,EMERGENCY COMMUNICATION
46443.02,ASST COMMUNICATIONS SHIFT SUPV,EMERGENCY COMMUNICATION
31012.8,COMMUNICATIONS OFFICER,EMERGENCY COMMUNICATION
29536,COMMUNICATIONS OFFICER,EMERGENCY COMMUNICATION
31449.6,COMMUNICATIONS OFFICER,EMERGENCY COMMUNICATION
31308.16,COMMUNICATIONS OFFICER,EMERGENCY COMMUNICATION
38702,ASST COMMUNICATIONS SHIFT SUPV,EMERGENCY COMMUNICATION
37842.81,COMMUNICATIONS OFFICER,EMERGENCY COMMUNICATION
33639,COMMUNICATIONS OFFICER,EMERGENCY COMMUNICATION
29536,COMMUNICATIONS OFFICER,EMERGENCY COMMUNICATION
29536,COMMUNICATIONS OFFICER,EMERGENCY COMMUNICATION
29536,COMMUNICATIONS OFFICER,EMERGENCY COMMUNICATION
31012.8,COMMUNICATIONS OFFICER,EMERGENCY COMMUNICATION
32939.71,COMMUNICATIONS OFFICER,EMERGENCY COMMUNICATION
29536,COMMUNICATIONS OFFICER,EMERGENCY COMMUNICATION
39750.96,COMMUNICATIONS OFFICER,EMERGENCY COMMUNICATION
37843.56,COMMUNICATIONS OFFICER,EMERGENCY COMMUNICATION
63599.94,ASSIST COMMUN. MGR/OPERATIONS,EMERGENCY COMMUNICATION
47535.49,COMMUNICATIONS SHIFT SUPERVISO,EMERGENCY COMMUNICATION
31308.16,COMMUNICATIONS OFFICER,EMERGENCY COMMUNICATION
31012.8,COMMUNICATIONS OFFICER,EMERGENCY COMMUNICATION
37045.88,COMMUNICATIONS OFFICER,EMERGENCY COMMUNICATION
29536,COMMUNICATIONS OFFICER,EMERGENCY COMMUNICATION
35736.06,COMMUNICATIONS OFFICER,EMERGENCY COMMUNICATION
36947.46,COMMUNICATIONS OFFICER,EMERGENCY COMMUNICATION
51631.53,ASSISTANT COMMUNICATIONS MGR/A,EMERGENCY COMMUNICATION
30659.2,COMMUNICATIONS OFFICER,EMERGENCY COMMUNICATION
38134.72,COMMUNICATIONS OFFICER,EMERGENCY COMMUNICATION
95829.28,COMMUNICATIONS DIRECTOR,EMERGENCY COMMUNICATION
33820.8,COMMUNICATIONS OFFICER,EMERGENCY COMMUNICATION
31012.8,COMMUNICATIONS OFFICER,EMERGENCY COMMUNICATION
29536,COMMUNICATIONS OFFICER,EMERGENCY COMMUNICATION
29536,COMMUNICATIONS OFFICER,EMERGENCY COMMUNICATION
45804.44,TELECOMMUNICATOR TRAINEE,EMERGENCY COMMUNICATION
35542.42,COMMUNICATIONS OFFICER,EMERGENCY COMMUNICATION
42109.99,EXECUTIVE SECRETARY,EMERGENCY COMMUNICATION
34049.6,PARTTIME OFFICE/CLERICAL,EMERGENCY COMMUNICATION
39377.73,ASST COMMUNICATIONS SHIFT SUPV,EMERGENCY COMMUNICATION
35774.47,MANAGEMENT ASSISTANT,EQUAL OPP & EQUITY ASSURANCE
83562.17,EQUAL OPPORT/EQUITY ASSURANCE,EQUAL OPP & EQUITY ASSURANCE
52535.72,EQUAL OPPORT/EQUITY ASSURANCE,EQUAL OPP & EQUITY ASSURANCE
56109,EQUAL OPPORT/EQUITY ASSURANCE,EQUAL OPP & EQUITY ASSURANCE
43242.74,ADMINISTRATIVE ASSISTANT,EQUAL OPP & EQUITY ASSURANCE
51393,SR EQUAL OPPOR/EQUITY ASSUR SP,EQUAL OPP & EQUITY ASSURANCE
85996.02,ASST FIN DIRECTOR,FINANCE
79023.06,ASST FIN DIRECTOR,FINANCE
110312.98,FINANCE DIRECTOR,FINANCE
36749.9,MANAGEMENT ASSISTANT,FINANCE
35624.59,ACCOUNTING SPECIALIST,FINANCE
57248.88,SENIOR ACCOUNTANT,FINANCE
45105.02,ACCOUNTANT I,FINANCE
34125,ACCOUNTING SPECIALIST,FINANCE
34598.55,ACCOUNTING SPECIALIST,FINANCE
34272.15,ACCOUNTING SPECIALIST,FINANCE
50085.02,SENIOR ACCOUNTANT,FINANCE
67782,ACCOUNTING OPERATIONS SUPERVIS,FINANCE
54537.14,SENIOR ACCOUNTANT,FINANCE
64871.83,FINANCIAL REPORTING SUPERVISOR,FINANCE
78261.33,ACCOUNTING SERVICES MANAGER,FINANCE
38634.41,SR ACCOUNTING SPECIALIST,FINANCE
34450,ACCOUNTING SPECIALIST,FINANCE
33600.02,ACCOUNTING SPECIALIST,FINANCE
46004.87,ACCOUNTANT I,FINANCE
49377.75,SENIOR ACCOUNTANT,FINANCE
67344.69,SENIOR ACCOUNTANT,FINANCE
33639,ACCOUNTING SPECIALIST,FINANCE
42255,ACCOUNTING SPECIALIST,FINANCE
74200.06,ERP PROJECT MANAGER,FINANCE
25504.05,SECRETARY,FINANCE
74504,ERP PROJECT COORDINATOR,FINANCE
61214.89,ERP PROJECT COORDINATOR,FINANCE
60420.06,ERP PROJECT COORDINATOR,FINANCE
72758.4,ERP PROJECT COORDINATOR,FINANCE
27040,PARTTIME OFFICE/CLERICAL,HUMAN RESOURCES
75477.95,TREASURY MANAGER,FINANCE
56205.79,SENIOR TREASURY ANALYST,FINANCE
37449.32,REVENUE AGENT,FINANCE
42142.36,SENIOR TREASURY ANALYST,FINANCE
40259.71,REVENUE AGENT,FINANCE
44461.78,BUS LICENSE SUPERVISOR,FINANCE
55177.55,SENIOR TREASURY ANALYST,FINANCE
33050,REVENUE AGENT,FINANCE
38432.12,REVENUE AGENT,FINANCE
36297.53,REVENUE AGENT,FINANCE
31736.38,REVENUE AGENT,FINANCE
64509.9,SAFETY SUPERVISOR,FINANCE
51114.98,REGISTERED NURSE,FINANCE
58465.83,SAFETY OFFICER,FINANCE
59061.34,SAFETY OFFICER,FINANCE
88233.6,RISK MANAGER,FINANCE
46462.14,SAFETY OFFICER,FINANCE
45528.02,ADMINISTRATIVE ASSISTANT,FINANCE
68242,PHYSICIAN EXTENDER,FINANCE
49920,PARTTIME OFFICE/CLERICAL,FINANCE
40522.96,PURCHASING TECHNICIAN,FINANCE
80929.11,PURCHASING MANAGER,FINANCE
47294.55,PURCHASING AGENT,FINANCE
46794.84,PURCHASING AGENT,FINANCE
51407.94,PURCHASING AGENT,FINANCE
37137.43,PURCHASING TECHNICIAN,FINANCE
38444,PRINT SHOP COORDINATOR,FINANCE
34977.02,DUPLICATING EQUIPMENT OPERATOR,FINANCE
34718.93,DUPLICATING EQUIPMENT OPERATOR,FINANCE
30824.05,DUPLICATING EQUIPMENT OPERATOR,FINANCE
49727.89,EMERGENCY INFORMATION SERV COO,FINANCE
42463.78,MANAGEMENT ASSISTANT,FIRE
35196.32,FIRE SERVICES SUPPLY,FIRE
26928.22,STAFF ASSISTANT,FIRE
57913.96,FIRE CAPTAIN,FIRE
51899.48,FIRE SERVICES ADMINISTRATOR,FIRE
113400.1,FIRE CHIEF,FIRE
44503.64,ADMINISTRATIVE ASSISTANT,FIRE
84999.98,DEPUTY FIRE CHIEF,FIRE
32628.7,FIREFIGHTER,FIRE
41250.3,FIRE TECHNICIAN,FIRE
42255,FIREFIGHTER,FIRE
74893.26,BATTALION FIRE CHIEF,FIRE
28717,FIREFIGHTER,FIRE
29578.38,FIREFIGHTER,FIRE
69126.46,BATTALION FIRE CHIEF,FIRE
45525.97,FIRE TECHNICIAN,FIRE
63176.49,FIRE CAPTAIN,FIRE
32628.79,FIREFIGHTER,FIRE
28717,FIREFIGHTER,FIRE
34240.21,FIREFIGHTER,FIRE
37030.76,FIREFIGHTER,FIRE
46543.8,FIRE CAPTAIN,FIRE
51710.1,FIRE CAPTAIN,FIRE
35237.45,FIREFIGHTER,FIRE
34240.18,FIREFIGHTER,FIRE
50214.92,FIRE TECHNICIAN,FIRE
55881.54,FIRE CAPTAIN,FIRE
34250.84,FIREFIGHTER,FIRE
36650.12,FIRE TECHNICIAN,FIRE
40048.74,ACCREDITATION MANAGER,FIRE
34572.72,FIREFIGHTER,FIRE
34240.17,FIREFIGHTER,FIRE
39189.05,FIRE TECHNICIAN,FIRE
36650.12,FIRE TECHNICIAN,FIRE
56388.28,BATTALION FIRE CHIEF,FIRE
38477.24,FIREFIGHTER,FIRE
32439.94,FIREFIGHTER,FIRE
38477.24,FIREFIGHTER,FIRE
46155.72,FIRE TECHNICIAN,FIRE
37030.76,FIREFIGHTER,FIRE
34240.18,FIREFIGHTER,FIRE
42487.64,FIRE TECHNICIAN,FIRE
68226.34,FIRE CAPTAIN,FIRE
43871.88,FIRE CAPTAIN,FIRE
62563.17,FIRE CAPTAIN,FIRE
35237.48,FIREFIGHTER,FIRE
35493.38,FIREFIGHTER,FIRE
59521.8,BATTALION FIRE CHIEF,FIRE
40048.84,FIRE TECHNICIAN,FIRE
41250.3,FIRE TECHNICIAN,FIRE
38477.24,FIREFIGHTER,FIRE
51654.95,FIRE TECHNICIAN,FIRE
44637.58,FIRE TECHNICIAN,FIRE
43957.88,FIREFIGHTER,FIRE
51717.64,FIRE CAPTAIN,FIRE
30152.98,FIREFIGHTER,FIRE
28717,FIREFIGHTER,FIRE
39285.91,FIREFIGHTER,FIRE
52576.42,FIRE TECHNICIAN,FIRE
34250.84,FIREFIGHTER,FIRE
40849.9,FIRE TECHNICIAN,FIRE
49254.91,FIRE TECHNICIAN,FIRE
49378.42,FIRE CAPTAIN,FIRE
58179.55,FIRE CAPTAIN,FIRE
28717,FIREFIGHTER,FIRE
48870.9,FIRE CAPTAIN,FIRE
28717,FIREFIGHTER,FIRE
34240.21,FIREFIGHTER,FIRE
53102.06,FIRE TECHNICIAN,FIRE
68826.68,FIRE CAPTAIN,FIRE
32123.26,FIREFIGHTER,FIRE
45504.68,FIRE CAPTAIN,FIRE
33588.1,FIREFIGHTER,FIRE
34240.17,FIREFIGHTER,FIRE
55881.54,FIRE CAPTAIN,FIRE
41250.3,FIRE TECHNICIAN,FIRE
47374.03,FIRE CAPTAIN,FIRE
66360.34,FIRE CAPTAIN,FIRE
40048.75,FIRE TECHNICIAN,FIRE
43762.34,FIRE TECHNICIAN,FIRE
32625.32,FIREFIGHTER,FIRE
59310.73,FIRE CAPTAIN,FIRE
45188.16,FIRE CAPTAIN,FIRE
41056.08,FIRE TECHNICIAN,FIRE
37030.76,FIREFIGHTER,FIRE
50732.5,FIRE TECHNICIAN,FIRE
33221.76,FIREFIGHTER,FIRE
32628.7,FIREFIGHTER,FIRE
31648.5,FIREFIGHTER,FIRE
42487.71,FIRE TECHNICIAN,FIRE
28716.48,FIREFIGHTER,FIRE
52991.9,FIRE CAPTAIN,FIRE
40048.84,FIRE TECHNICIAN,FIRE
33221.5,FIREFIGHTER,FIRE
27349,FIREFIGHTER,FIRE
41250.31,FIRE TECHNICIAN,FIRE
34240.17,FIREFIGHTER,FIRE
38882.28,FIRE TECHNICIAN,FIRE
34240.18,FIREFIGHTER,FIRE
28717,FIREFIGHTER,FIRE
54510.69,FIRE CAPTAIN,FIRE
52576.42,FIRE TECHNICIAN,FIRE
31057.52,FIREFIGHTER,FIRE
41250.31,FIRE TECHNICIAN,FIRE
49254.91,FIRE TECHNICIAN,FIRE
30465.76,FIREFIGHTER,FIRE
33221.76,FIREFIGHTER,FIRE
65071.76,FIRE CAPTAIN,FIRE
28717,FIREFIGHTER,FIRE
46427.42,FIRE TECHNICIAN,FIRE
37030.76,FIREFIGHTER,FIRE
42487.81,FIRE TECHNICIAN,FIRE
59841.6,FIRE CAPTAIN,FIRE
60560.5,FIRE CAPTAIN,FIRE
52485.68,FIRE CAPTAIN,FIRE
39859.82,FIRE TECHNICIAN,FIRE
34240.18,FIREFIGHTER,FIRE
28717,FIREFIGHTER,FIRE
72268.04,BATTALION FIRE CHIEF,FIRE
70535.14,FIRE CAPTAIN,FIRE
31057.31,FIREFIGHTER,FIRE
31648.5,FIREFIGHTER,FIRE
45698.9,FIRE TECHNICIAN,FIRE
43871.88,FIRE CAPTAIN,FIRE
28717,FIREFIGHTER,FIRE
57583.23,FIRE CAPTAIN,FIRE
50316.5,FIRE TECHNICIAN,FIRE
35237.45,FIREFIGHTER,FIRE
38847.38,FIRE TECHNICIAN,FIRE
69577.05,FIRE CAPTAIN,FIRE
28717,FIREFIGHTER,FIRE
38141.66,FIREFIGHTER,FIRE
43762.34,FIRE TECHNICIAN,FIRE
51717.64,FIRE CAPTAIN,FIRE
41250.3,FIRE TECHNICIAN,FIRE
63176.44,FIRE CAPTAIN,FIRE
31057.52,FIREFIGHTER,FIRE
38141.66,FIREFIGHTER,FIRE
38141.74,FIREFIGHTER,FIRE
46896.2,FIRE TECHNICIAN,FIRE
28717,FIREFIGHTER,FIRE
28717,FIREFIGHTER,FIRE
50732.5,FIRE TECHNICIAN,FIRE
59086.63,FIRE CAPTAIN,FIRE
49254.91,FIRE TECHNICIAN,FIRE
28717,FIREFIGHTER,FIRE
34240.17,FIREFIGHTER,FIRE
41250.3,FIRE TECHNICIAN,FIRE
34799.98,FIREFIGHTER,FIRE
38556.18,FIRE TECHNICIAN,FIRE
29578.38,FIREFIGHTER,FIRE
38882.28,FIRE TECHNICIAN,FIRE
48617.43,FIRE TECHNICIAN,FIRE
45075.22,FIRE TECHNICIAN,FIRE
62256.39,FIRE CAPTAIN,FIRE
28717,FIREFIGHTER,FIRE
34240.18,FIREFIGHTER,FIRE
33243.08,FIREFIGHTER,FIRE
67023.91,FIRE CAPTAIN,FIRE
61110.66,FIRE CAPTAIN,FIRE
44968.82,FIRE CAPTAIN,FIRE
30465.76,FIREFIGHTER,FIRE
37401,FIREFIGHTER,FIRE
53898.52,FIRE TECHNICIAN,FIRE
36650,FIRE TECHNICIAN,FIRE
61336.34,FIRE CAPTAIN,FIRE
59677.36,FIRE CAPTAIN,FIRE
40048.84,FIRE TECHNICIAN,FIRE
53788.8,FIRE CAPTAIN,FIRE
32439.94,FIREFIGHTER,FIRE
38882.22,FIRE TECHNICIAN,FIRE
31989.05,FIREFIGHTER,FIRE
46543.8,FIRE CAPTAIN,FIRE
50732.58,FIRE TECHNICIAN,FIRE
65678.5,BATTALION FIRE CHIEF,FIRE
62550.98,FIRE CAPTAIN,FIRE
34240.18,FIREFIGHTER,FIRE
38141.66,FIREFIGHTER,FIRE
28717,FIREFIGHTER,FIRE
52576.42,FIRE TECHNICIAN,FIRE
32628.7,FIREFIGHTER,FIRE
35493.53,FIREFIGHTER,FIRE
41250.3,FIRE TECHNICIAN,FIRE
28717,FIREFIGHTER,FIRE
29578.64,FIREFIGHTER,FIRE
40048.84,FIRE TECHNICIAN,FIRE
61908.31,BATTALION FIRE CHIEF,FIRE
38081.68,FIRE TECHNICIAN,FIRE
36650.12,FIRE TECHNICIAN,FIRE
46625.43,FIRE TECHNICIAN,FIRE
38882.22,FIRE TECHNICIAN,FIRE
38882.28,FIRE TECHNICIAN,FIRE
53758.12,BATTALION FIRE CHIEF,FIRE
44637.58,FIRE TECHNICIAN,FIRE
28717,FIREFIGHTER,FIRE
41250.3,FIRE TECHNICIAN,FIRE
74892.74,BATTALION FIRE CHIEF,FIRE
61037.86,FIRE CAPTAIN,FIRE
35237.54,FIREFIGHTER,FIRE
32628.7,FIREFIGHTER,FIRE
44637.59,FIRE TECHNICIAN,FIRE
40464.49,FIREFIGHTER,FIRE
28717,FIREFIGHTER,FIRE
28717,FIREFIGHTER,FIRE
58110.28,FIRE CAPTAIN,FIRE
50337.04,FIRE CAPTAIN,FIRE
37030.76,FIREFIGHTER,FIRE
28717,FIREFIGHTER,FIRE
31648.76,FIREFIGHTER,FIRE
36999.33,FIREFIGHTER,FIRE
51045,FIRE TECHNICIAN,FIRE
33439.9,FIREFIGHTER,FIRE
28717,FIREFIGHTER,FIRE
30152.85,FIREFIGHTER,FIRE
43762.42,FIRE TECHNICIAN,FIRE
42487.64,FIRE TECHNICIAN,FIRE
31057.31,FIREFIGHTER,FIRE
51045,FIRE TECHNICIAN,FIRE
34240.18,FIREFIGHTER,FIRE
50732.55,FIRE TECHNICIAN,FIRE
37683.88,FIRE TECHNICIAN,FIRE
51710.17,FIRE CAPTAIN,FIRE
28717,FIREFIGHTER,FIRE
44637.84,FIRE TECHNICIAN,FIRE
31649.02,FIREFIGHTER,FIRE
60729.01,FIRE CAPTAIN,FIRE
49254.91,FIRE TECHNICIAN,FIRE
31367.99,FIREFIGHTER,FIRE
60729.01,FIRE CAPTAIN,FIRE
36650,FIRE TECHNICIAN,FIRE
37030.74,FIREFIGHTER,FIRE
38141.66,FIREFIGHTER,FIRE
45698.73,FIRE TECHNICIAN,FIRE
31057.57,FIREFIGHTER,FIRE
38043.2,FIREFIGHTER,FIRE
32628.7,FIREFIGHTER,FIRE
40869.22,FIREFIGHTER,FIRE
38477.24,FIREFIGHTER,FIRE
39285.91,FIREFIGHTER,FIRE
45698.9,FIREFIGHTER,FIRE
43522.65,FIREFIGHTER,FIRE
37566.36,FIRE TECHNICIAN,FIRE
30152.85,FIREFIGHTER,FIRE
31649.02,FIREFIGHTER,FIRE
59074.54,FIRE CAPTAIN,FIRE
46543.8,FIRE CAPTAIN,FIRE
37030.76,FIREFIGHTER,FIRE
52576.42,FIRE TECHNICIAN,FIRE
51314.38,FIRE CAPTAIN,FIRE
57268.9,FIRE CAPTAIN,FIRE
52576.42,FIRE TECHNICIAN,FIRE
36650.12,FIRE TECHNICIAN,FIRE
53452.23,FIRE CAPTAIN,FIRE
55881.54,FIRE CAPTAIN,FIRE
50337,FIRE CAPTAIN,FIRE
65369.46,BATTALION FIRE CHIEF,FIRE
54510.82,FIRE CAPTAIN,FIRE
58675.62,FIRE INSPECTOR,FIRE
46244.02,FIRE INSPECTOR,FIRE
60723.01,FIRE INSPECTOR,FIRE
76076.36,FIRE MARSHALL,FIRE
57610.74,FIRE INSPECTOR,FIRE
53623.73,FIRE INSPECTOR,FIRE
54159.97,FIRE INSPECTOR,FIRE
62253.01,ASSISTANT FIRE MARSHALL,FIRE
45478.25,FIRE INSPECTOR,FIRE
54761.2,FIRE INSPECTOR,FIRE
35162.94,SECRETARY,FIRE
36650.12,FIRE TECHNICIAN,FIRE
46427.42,FIRE TECHNICIAN,FIRE
45698.78,FIRE TECHNICIAN,FIRE
36650.12,FIRE TECHNICIAN,FIRE
52576.35,FIRE TECHNICIAN,FIRE
40048.84,FIRE TECHNICIAN,FIRE
53789.06,FIRE CAPTAIN,FIRE
58373.44,FIRE CAPTAIN,FIRE
38882.22,FIRE TECHNICIAN,FIRE
48870.9,FIRE CAPTAIN,FIRE
40849.9,FIRE TECHNICIAN,FIRE
46427.42,FIRE TECHNICIAN,FIRE
45698.9,FIRE TECHNICIAN,FIRE
42075.28,FIRE TECHNICIAN,FIRE
63176.36,FIRE CAPTAIN,FIRE
44637.58,FIRE TECHNICIAN,FIRE
52576.37,FIRE TECHNICIAN,FIRE
44637.58,FIRE TECHNICIAN,FIRE
44637.58,FIRE TECHNICIAN,FIRE
41056.08,FIRE TECHNICIAN,FIRE
40048.84,FIRE TECHNICIAN,FIRE
47447.44,FIRE CAPTAIN,FIRE
38847.38,FIRE TECHNICIAN,FIRE
47447.47,FIRE CAPTAIN,FIRE
39224.23,FIRE TECHNICIAN,FIRE
54228.16,CONTRACT ADMINISTRATOR,GENERAL SERVICES
89224,ASST DIRECTOR GENERAL SERVICES,GENERAL SERVICES
30830.02,MANAGEMENT ASSISTANT,GENERAL SERVICES
84669.52,BUSINESS SERVICES MANAGER,GENERAL SERVICES
36900.04,MANAGEMENT ASSISTANT,GENERAL SERVICES
57362.76,SAFETY OFFICER,GENERAL SERVICES
43219.32,ADMINISTRATIVE ASSISTANT,GENERAL SERVICES
40637.1,PROGRAM ASSISTANT,GENERAL SERVICES
76124.96,ASST DIRECTOR GENERAL SERVICES,GENERAL SERVICES
57303.58,CIVIL ENGINEER IV,GENERAL SERVICES
50248.93,BUDGET & MANAGEMENT ANALYST,GENERAL SERVICES
63859.9,CONSTRUCTION PROJECT MANAGER,GENERAL SERVICES
33970.21,MANAGEMENT ASSISTANT,GENERAL SERVICES
39427.21,PROGRAM ASSISTANT,GENERAL SERVICES
63860.12,OPERATIONS & EVALUATION ADMIN,GENERAL SERVICES
41239.19,REAL ESTATE OFFICER,GENERAL SERVICES
68242,REAL ESTATE MANAGER,GENERAL SERVICES
45362.65,REAL ESTATE OFFICER,GENERAL SERVICES
61671,SENIOR REAL ESTATE OFFICE,GENERAL SERVICES
64754.51,SENIOR REAL ESTATE OFFICE,GENERAL SERVICES
37548.86,EXECUTIVE SECRETARY,GENERAL SERVICES
53707.01,REAL ESTATE OFFICER,GENERAL SERVICES
66300,SENIOR PROJECT ADMINISTRATOR,GENERAL SERVICES
31553.6,PT OFFICE/CLERICAL W/BENE,GENERAL SERVICES
33749.35,MANAGEMENT ASSISTANT,GENERAL SERVICES
73034,LANDSCAPE SERVICES MANAGER,GENERAL SERVICES
65100.13,OPERATIONS & EVALUATION ADMIN,GENERAL SERVICES
70516.99,CONSTRUCTION PROJECT MANAGER,GENERAL SERVICES
65977.6,SENIOR PROJECT ADMINISTRATOR,GENERAL SERVICES
59596.43,CONSTRUCTION PROJECT ADMINISTR,GENERAL SERVICES
55650.23,CONSTRUCTION PROJECT ADMINISTR,GENERAL SERVICES
69000,OPERATIONS & EVALUATION ADMIN,GENERAL SERVICES
67600,SENIOR PROJECT ADMINISTRATOR,GENERAL SERVICES
53500,CONSTRUCTION PROJECT ADMINISTR,GENERAL SERVICES
58341.77,CONSTRUCTION PROJECT ADMINISTR,GENERAL SERVICES
48530.12,OPERATIONS & EVALUATION ADMIN,GENERAL SERVICES
42021.03,ELECRICIAN,GENERAL SERVICES
39319.37,MAINTENANCE MECHANIC SUPERVISO,GENERAL SERVICES
35506.47,MAINTENANCE MECHANIC,GENERAL SERVICES
68675.33,FACILITIES OPERATIONS MANAGER,GENERAL SERVICES
38234.24,MAINTENANCE MECHANIC,GENERAL SERVICES
46104.24,TRADES SUPERVISOR,GENERAL SERVICES
57365.49,SENIOR PROJECT ADMINISTRATOR,GENERAL SERVICES
32352.68,HVAC TECHNICIAN,GENERAL SERVICES
35506.47,MAINTENANCE MECHANIC,GENERAL SERVICES
35506.47,MAINTENANCE MECHANIC,GENERAL SERVICES
40705.6,ELECRICIAN,GENERAL SERVICES
36954.06,EXECUTIVE SECRETARY,GENERAL SERVICES
43688.09,MAINTENANCE MECHANIC SUPERVISO,GENERAL SERVICES
40896.22,MAINTENANCE MECHANIC SUPERVISO,GENERAL SERVICES
36954.06,MAINTENANCE MECHANIC,GENERAL SERVICES
36933.71,MAINTENANCE MECHANIC,GENERAL SERVICES
60781.81,SENIOR PROJECT ADMINISTRATOR,GENERAL SERVICES
35506.47,MAINTENANCE MECHANIC,GENERAL SERVICES
35870.52,MAINTENANCE MECHANIC,GENERAL SERVICES
46757,HVAC SUPERVISOR,GENERAL SERVICES
33074.82,MAINTENANCE MECHANIC,GENERAL SERVICES
37447.38,MAINTENANCE MECHANIC,GENERAL SERVICES
21719.75,PROPERTY CARE WORKER,GENERAL SERVICES
40773.1,PUBLIC WORKS SUPERVISOR,GENERAL SERVICES
27841.34,EQUIPMENT OPERATOR II,GENERAL SERVICES
25020.38,EQUIPMENT OPERATOR I,GENERAL SERVICES
22244.3,SENIOR LABORER,GENERAL SERVICES
21008,SERVICE MAINTENANCE,GENERAL SERVICES
21008,SERVICE MAINTENANCE,GENERAL SERVICES
34158.42,EXECUTIVE SECRETARY,GENERAL SERVICES
23356.44,SENIOR LABORER,GENERAL SERVICES
30429.69,EQUIPMENT OP III,GENERAL SERVICES
41144.74,HORTICULTURE SUPERVISOR,GENERAL SERVICES
23356.44,SENIOR LABORER,GENERAL SERVICES
23356.44,SENIOR LABORER,GENERAL SERVICES
25467.08,EQUIPMENT OPERATOR I,GENERAL SERVICES
64659.89,FACILITIES OPERATIONS MANAGER,GENERAL SERVICES
30317.74,CREW CHIEF I,GENERAL SERVICES
30083.05,ROAD WORKER,GENERAL SERVICES
30126.64,EQUIPMENT OPERATOR I,GENERAL SERVICES
26516,EQUIPMENT OPERATOR I,GENERAL SERVICES
30317.74,CREW CHIEF I,GENERAL SERVICES
25331.25,EQUIPMENT OPERATOR I,GENERAL SERVICES
31152.03,CREW CHIEF I,GENERAL SERVICES
28213.27,EQUIPMENT OPERATOR I,GENERAL SERVICES
26144.61,EQUIPMENT OPERATOR I,GENERAL SERVICES
25229.17,SENIOR LABORER,GENERAL SERVICES
53116.26,LANDSCAPE SUPERVISOR,GENERAL SERVICES
33815.69,CREW CHIEF I,GENERAL SERVICES
38969.84,MOTOR EQUIPMENT MECHANIC,GENERAL SERVICES
37925.3,CREW CHIEF I,GENERAL SERVICES
29567.54,CUSTODIAN,GENERAL SERVICES
30126.64,CUSTODIAN,GENERAL SERVICES
27053.45,CUSTODIAN,GENERAL SERVICES
28456.43,LEAD CUSTODIAN,GENERAL SERVICES
23810.52,CUSTODIAN,GENERAL SERVICES
26634.32,CUSTODIAN,GENERAL SERVICES
33914.47,CUSTODIAL SERVICES SUPERVISOR,GENERAL SERVICES
23810.52,CUSTODIAN,GENERAL SERVICES
27444.31,CUSTODIAN,GENERAL SERVICES
26674.53,CUSTODIAN,GENERAL SERVICES
26645.2,CUSTODIAN,GENERAL SERVICES
23152.5,CUSTODIAN,GENERAL SERVICES
27846,EQUIPMENT OP III,GENERAL SERVICES
32600.37,TREE TRIMMER,GENERAL SERVICES
46757,PUBLIC WORKS SUPERVISOR,GENERAL SERVICES
33874.39,TREE TRIMMER,GENERAL SERVICES
33229.16,TREE TRIMMER,GENERAL SERVICES
33716.29,TREE TRIMMER,GENERAL SERVICES
27846,EQUIPMENT OP III,GENERAL SERVICES
46648.3,URBAN FORESTRY TECHNICIAN,GENERAL SERVICES
44653.07,KEEP DURHAM BEAUTIFUL COORD,GENERAL SERVICES
58586.87,CEMETERY ADMINISTRATOR,GENERAL SERVICES
37114.13,EQUIPMENT OP III,GENERAL SERVICES
43691.19,CUSTOMER SERVICE SUPERVISOR,GENERAL SERVICES
42647.79,CUSTOMER SERVICE SUPERVISOR,GENERAL SERVICES
41161.22,ADMINISTRATIVE ASSISTANT,GENERAL SERVICES
25635.48,SENIOR LABORER,GENERAL SERVICES
29188.06,EQUIPMENT OPERATOR I,GENERAL SERVICES
24018,SENIOR LABORER,GENERAL SERVICES
21596.84,LABORER,GENERAL SERVICES
23615.59,LABORER,GENERAL SERVICES
26231.96,SENIOR LABORER,GENERAL SERVICES
29434.59,CREW CHIEF I,GENERAL SERVICES
105528.02,COMMUNITY DEVELOPMENT DIRECT,DEPT OF COMMUNITY DEVELOPMENT
47483.98,REHABILITATION SPECIALIST,DEPT OF COMMUNITY DEVELOPMENT
32168.88,ACCOUNTING TECHNICIAN,DEPT OF COMMUNITY DEVELOPMENT
59701,FEDERAL PROGRAM COORDINATOR,DEPT OF COMMUNITY DEVELOPMENT
51155.49,HOUSING/CD PROGRAM SPECIALIST,DEPT OF COMMUNITY DEVELOPMENT
78414.54,ASSOC DIRECTOR OF HOUSING & CD,DEPT OF COMMUNITY DEVELOPMENT
42538.86,HOUSING SPECIALIST,DEPT OF COMMUNITY DEVELOPMENT
49097.92,BUDGET & MANAGEMENT ANALYST,DEPT OF COMMUNITY DEVELOPMENT
51646.23,FISCAL PROGRAM ACCOUNTANT,DEPT OF COMMUNITY DEVELOPMENT
61671,HOUSING/CD PROGRAM SPECIALIST,DEPT OF COMMUNITY DEVELOPMENT
52978.8,BUDGET & MANAGEMENT ANALYST,DEPT OF COMMUNITY DEVELOPMENT
42047.46,LEAD SPECIALIST,DEPT OF COMMUNITY DEVELOPMENT
44767.63,REHABILITATION SPECIALIST,DEPT OF COMMUNITY DEVELOPMENT
54600,SENIOR PLANNER,DEPT OF COMMUNITY DEVELOPMENT
73975.98,ASSOC DIRECTOR OF HOUSING & CD,DEPT OF COMMUNITY DEVELOPMENT
55936.2,HOUSING/CD PROGRAM SPECIALIST,DEPT OF COMMUNITY DEVELOPMENT
25871.12,RESERVATIONIST,DEPT OF COMMUNITY DEVELOPMENT
33354.77,MANAGEMENT ASSISTANT,DEPT OF COMMUNITY DEVELOPMENT
61671,HOUSING/CD PROGRAM SPECIALIST,DEPT OF COMMUNITY DEVELOPMENT
100402.24,DIRECTOR OF HUMAN RESOURCES,HUMAN RESOURCES
79706.44,RESOURCES DIRECT,HUMAN RESOURCES
63112.4,HUMAN RESOURCES MANAGER,HUMAN RESOURCES
51314.52,HUMAN RESOURCES CONSULTANT,HUMAN RESOURCES
61493.25,HUMAN RESOURCES MANAGER,HUMAN RESOURCES
40791.39,MANAGEMENT ASSISTANT,HUMAN RESOURCES
43800.67,HUMAN RESOURCES CONSULTANT,HUMAN RESOURCES
47693.92,SR HUMAN RESOURCES CONSULTANT,HUMAN RESOURCES
77867.94,HUMAN RESOURCES MANAGER,HUMAN RESOURCES
44290.22,MANAGEMENT ASSISTANT,HUMAN RESOURCES
41600,PARTTIME OFFICE/CLERICAL,HUMAN RESOURCES
41039.54,HUMAN RESOURCES CONSULTANT,HUMAN RESOURCES
49131.1,HUMAN RESOURCES CONSULTANT,HUMAN RESOURCES
52749.84,SR HUMAN RESOURCES CONSULTANT,HUMAN RESOURCES
42417.65,HUMAN RESOURCES CONSULTANT,HUMAN RESOURCES
46011.42,PROGRAM ASSISTANT,HUMAN RESOURCES
76796.77,HUMAN RESOURCES MANAGER,HUMAN RESOURCES
57558.23,SR HUMAN RESOURCES CONSULTANT,HUMAN RESOURCES
56109,HUMAN RELATIONS SPECIALIST,HUMAN RELATIONS
37475.36,MANAGEMENT ASSISTANT,HUMAN RELATIONS
34000,MANAGEMENT ASSISTANT,HUMAN RELATIONS
43499.82,HUMAN RELATIONS SPECIALIST,HUMAN RELATIONS
49500,HUMAN RELATIONS SPECIALIST,HUMAN RELATIONS
88750.79,DIRECTOR OF HUMAN RELATIONS,HUMAN RELATIONS
49468.28,COMMUNITY RELATIONS COORDINATO,HUMAN RESOURCES
56109.04,HUMAN RELATIONS SPECIALIST,HUMAN RESOURCES
47344.59,CITY/COUNTY CODES INSPECTOR,CITY/COUNTY INSPECTIONS
46902.45,CITY/COUNTY CODES INSPECTOR,CITY/COUNTY INSPECTIONS
109441.6,DIRECTOR CITY/COUNTY INSPECTIO,CITY/COUNTY INSPECTIONS
80148.06,ASST INSPECTIONS DIRECTOR,CITY/COUNTY INSPECTIONS
32081.54,PERMIT TECHNICIAN,CITY/COUNTY INSPECTIONS
61271.07,FIELD INSPECTIONS SUPERVISOR,CITY/COUNTY INSPECTIONS
46757,CITY/COUNTY CODES INSPECTOR,CITY/COUNTY INSPECTIONS
46142.39,ADMINISTRATIVE ASSISTANT,CITY/COUNTY INSPECTIONS
51710.47,FIELD INSPECTIONS SUPERVISOR,CITY/COUNTY INSPECTIONS
48975.98,CITY/COUNTY CODES INSPECTOR,CITY/COUNTY INSPECTIONS
54227.31,PLANS EXAMINER,CITY/COUNTY INSPECTIONS
46757,CITY/COUNTY CODES INSPECTOR,CITY/COUNTY INSPECTIONS
47394.01,CITY/COUNTY CODES INSPECTOR,CITY/COUNTY INSPECTIONS
47394.01,CITY/COUNTY CODES INSPECTOR,CITY/COUNTY INSPECTIONS
40111.62,PLANS EXAMINER,CITY/COUNTY INSPECTIONS
47394.01,CITY/COUNTY CODES INSPECTOR,CITY/COUNTY INSPECTIONS
62624.71,CHIEF CITY/COUNTY CODES INSPEC,CITY/COUNTY INSPECTIONS
47854.32,CITY/COUNTY CODES INSPECTOR,CITY/COUNTY INSPECTIONS
44798.31,PERMIT SUPERVISOR,CITY/COUNTY INSPECTIONS
29434.65,PERMIT TECHNICIAN,CITY/COUNTY INSPECTIONS
61271.07,SENIOR PLANS EXAMINER,CITY/COUNTY INSPECTIONS
48314.34,CITY/COUNTY CODES INSPECTOR,CITY/COUNTY INSPECTIONS
55741.16,PLANS EXAMINER,CITY/COUNTY INSPECTIONS
55205.19,CITY/COUNTY CODES INSPECTOR,CITY/COUNTY INSPECTIONS
47394.01,CITY/COUNTY CODES INSPECTOR,CITY/COUNTY INSPECTIONS
33905.2,PERMIT TECHNICIAN,CITY/COUNTY INSPECTIONS
46757,CITY/COUNTY CODES INSPECTOR,CITY/COUNTY INSPECTIONS
27206.4,PARTTIME OFFICE/CLERICAL,CITY/COUNTY INSPECTIONS
55205.19,CITY/COUNTY CODES INSPECTOR,CITY/COUNTY INSPECTIONS
60882.39,SENIOR PLANS EXAMINER,CITY/COUNTY INSPECTIONS
48774.42,CITY/COUNTY CODES INSPECTOR,CITY/COUNTY INSPECTIONS
46757,CITY/COUNTY CODES INSPECTOR,CITY/COUNTY INSPECTIONS
48314.28,CITY/COUNTY CODES INSPECTOR,CITY/COUNTY INSPECTIONS
65750.32,CHIEF CITY/COUNTY CODES INSPEC,CITY/COUNTY INSPECTIONS
50247.03,PLANS EXAMINER,CITY/COUNTY INSPECTIONS
67782,CHIEF CITY/COUNTY CODES INSPEC,CITY/COUNTY INSPECTIONS
56109,CITY/COUNTY CODES INSPECTOR,CITY/COUNTY INSPECTIONS
55205.19,CITY/COUNTY CODES INSPECTOR,CITY/COUNTY INSPECTIONS
46757,CITY/COUNTY CODES INSPECTOR,CITY/COUNTY INSPECTIONS
55741.16,CITY/COUNTY CODES INSPECTOR,CITY/COUNTY INSPECTIONS
67344.69,CHIEF CITY/COUNTY CODES INSPEC,CITY/COUNTY INSPECTIONS
40111.62,CITY/COUNTY CODES INSPECTOR,CITY/COUNTY INSPECTIONS
47394.01,CITY/COUNTY CODES INSPECTOR,CITY/COUNTY INSPECTIONS
32780.8,PARTTIME OFFICE/CLERICAL,CITY/COUNTY INSPECTIONS
47394.01,CITY/COUNTY CODES INSPECTOR,CITY/COUNTY INSPECTIONS
25854.4,PARA PROFESSIONAL,PARKS & RECREATION
37376.05,MANAGEMENT ASSISTANT,PARKS & RECREATION
26270.4,PARA PROFESSIONAL,PARKS & RECREATION
35360,PARA PROFESSIONAL,PARKS & RECREATION
90299.82,DIRECTOR OF PARKS & RECREATION,PARKS & RECREATION
26270.4,PARA PROFESSIONAL,PARKS & RECREATION
81315.5,DIRECTOR,PARKS & RECREATION
30937.75,ACCOUNTING TECHNICIAN,PARKS & RECREATION
79750.92,DIRECTOR OF PARKS & RECREATION,PARKS & RECREATION
35450.98,MANAGEMENT ASSISTANT,PARKS & RECREATION
57924.78,RECREATION MANAGER,PARKS & RECREATION
43876.66,COMMUNITY RELATIONS COORDINATO,PARKS & RECREATION
26270.4,RECREATION SPECIALIST,PARKS & RECREATION
48191.6,ADMINISTRATIVE ASSISTANT,PARKS & RECREATION
50740.83,PUBLIC AFFAIRS  SPECIALIST,PARKS & RECREATION
42270.77,EVENT COORDINATOR,PARKS & RECREATION
39699.17,EVENT COORDINATOR,PARKS & RECREATION
22805.74,EQUIPMENT OPERATOR I,PARKS & RECREATION
21008,SERVICE MAINTENANCE,PARKS & RECREATION
39293.95,PROGRAM ASSISTANT,PARKS & RECREATION
39457.34,COMPUTER SYSTEMS ENGINEER,PARKS & RECREATION
20999.94,SENIOR LABORER,PARKS & RECREATION
30836,CREW CHIEF I,PARKS & RECREATION
18033.6,FAC RESERV RENTAL ATTENT III,PARKS & RECREATION
18574.4,PROGRAM COORDINATOR - RECREATI,PARKS & RECREATION
18574.4,FAC RESERV RENTAL ATTENT III,PARKS & RECREATION
18574.4,FAC RESERV RENTAL ATTENT III,PARKS & RECREATION
18033.6,FAC RESERV RENTAL ATTENT III,PARKS & RECREATION
18574.4,FAC RESERV RENTAL ATTENT III,PARKS & RECREATION
17513.6,FACILITY SUPERVISOR,GENERAL SERVICES
18574.4,ATHLETIC SPECIALIST,PARKS & RECREATION
16972.8,FACILITY SUPERVISOR,PARKS & RECREATION
16972.8,FACILITY SUPERVISOR,PARKS & RECREATION
12792,FACILITY SCOREKEEPER,PARKS & RECREATION
54536.55,RECREATION MANAGER,PARKS & RECREATION
35665.4,RECREATION ASSISTANT SUPERVISO,PARKS & RECREATION
18574.4,ATHLETIC SPECIALIST,PARKS & RECREATION
25500.8,ATHLETICS MSTR PROGRAM SPECSLT,PARKS & RECREATION
25500.8,ATHLETICS MSTR PROGRAM SPECSLT,PARKS & RECREATION
18574.4,ATHLETIC SPECIALIST,PARKS & RECREATION
12792,FACILITY SCOREKEEPER,PARKS & RECREATION
18574.4,ATHLETIC SPECIALIST,PARKS & RECREATION
12792,FACILITY SCOREKEEPER,PARKS & RECREATION
40641.08,RECREATION SUPERVISOR,PARKS & RECREATION
18574.4,ATHLETIC SPECIALIST,PARKS & RECREATION
26769.6,ATHLETICS MSTR PROGRAM SPECSLT,PARKS & RECREATION
12792,FACILITY SCOREKEEPER,PARKS & RECREATION
32352.68,RECREATION ASSISTANT SUPERVISO,PARKS & RECREATION
12792,FACILITY SCOREKEEPER,PARKS & RECREATION
16972.8,FACILITY SUPERVISOR,PARKS & RECREATION
33646.6,RECREATION ASSISTANT SUPERVISO,PARKS & RECREATION
25500.8,ATHLETICS MSTR PROGRAM SPECSLT,PARKS & RECREATION
18574.4,ATHLETIC SPECIALIST,PARKS & RECREATION
18574.4,ATHLETIC SPECIALIST,PARKS & RECREATION
12792,FACILITY SCOREKEEPER,PARKS & RECREATION
25500.8,MATURE ADULTS MASTER PROG SPEC,PARKS & RECREATION
39220.71,SPECIAL POP ASSISTANT SUPERVIS,PARKS & RECREATION
58573.27,RECREATION MANAGER,PARKS & RECREATION
51045,PROGRAM ASSISTANT,CITY MANAGER
45515.34,COMMUNITY RELATIONS COORDINATO,CITY MANAGER
15059.2,COUNSELOR ASST SPEC,PARKS & RECREATION
12792,PARA PROFESSIONAL,PARKS & RECREATION
12792,PARA PROFESSIONAL,PARKS & RECREATION
25500.8,SPECIAL POPULATIONS SPECIALIST,PARKS & RECREATION
18574.4,RECREATION SPECIALIST,PARKS & RECREATION
25500.8,SPECIAL POPULATIONS SPECIALIST,PARKS & RECREATION
18574.4,SPECIAL POPULATIONS PROG SPCLS,PARKS & RECREATION
12792,PARA PROFESSIONAL,PARKS & RECREATION
17180.8,GROUP LEADER-SPEC POP,PARKS & RECREATION
17180.8,GROUP LEADER-SPEC POP,PARKS & RECREATION
12792,PARA PROFESSIONAL,PARKS & RECREATION
15496,COUNSELOR ASST SPEC,PARKS & RECREATION
17617.6,GROUP LEADER-SPEC POP,PARKS & RECREATION
17180.8,GROUP LEADER-SPEC POP,PARKS & RECREATION
17617.6,GROUP LEADER-SPEC POP,PARKS & RECREATION
54817.94,RECREATION MANAGER,PARKS & RECREATION
25500.8,SPECIAL POPULATIONS SPECIALIST,PARKS & RECREATION
25500.8,SPECIAL POPULATIONS SPECIALIST,PARKS & RECREATION
14643.2,COUNSELOR ASST SPEC,PARKS & RECREATION
18574.4,BUS DRIVER,PARKS & RECREATION
26520,PROGRAM SUPERVISOR-SPEC (SEA),PARKS & RECREATION
15496,COUNSELOR ASST SPEC,PARKS & RECREATION
12792,PARA PROFESSIONAL,PARKS & RECREATION
15496,COUNSELOR ASST SPEC,PARKS & RECREATION
13166.4,PARA PROFESSIONAL,PARKS & RECREATION
18574.4,BUS DRIVER,PARKS & RECREATION
38702,RECREATION ASSISTANT SUPERVISO,PARKS & RECREATION
15496,COUNSELOR ASST SPEC,PARKS & RECREATION
15496,COUNSELOR ASST SPEC,PARKS & RECREATION
34979.7,RECREATION ASSISTANT SUPERVISO,PARKS & RECREATION
33970.21,RECREATION ASSISTANT SUPERVISO,PARKS & RECREATION
17617.6,GROUP LEADER-SPEC POP,PARKS & RECREATION
17617.6,GROUP LEADER-SPEC POP,PARKS & RECREATION
15496,COUNSELOR ASST SPEC,PARKS & RECREATION
18574.4,RECREATION SPECIALIST,PARKS & RECREATION
17617.6,GROUP LEADER-SPEC POP,PARKS & RECREATION
17056,GROUP LEADER-RECREATION PROGRA,PARKS & RECREATION
18033.6,BUS DRIVER,PARKS & RECREATION
18574.4,RECREATION SPECIALIST,PARKS & RECREATION
18574.4,RECREATION SPECIALIST,PARKS & RECREATION
18574.4,RECREATION SPECIALIST,PARKS & RECREATION
17513.6,RECREATION SPECIALIST,PARKS & RECREATION
18033.6,BUS DRIVER,PARKS & RECREATION
26270.4,DISTRICT CENTER PROGRAM SPECIA,PARKS & RECREATION
42681.09,RECREATION SUPERVISOR,PARKS & RECREATION
53053.55,RECREATION MANAGER,PARKS & RECREATION
27034.28,RECREATION SPECIALIST,PARKS & RECREATION
12792,PARA PROFESSIONAL,PARKS & RECREATION
17056,PROGRAM COORDINATOR - RECREATI,PARKS & RECREATION
25500.8,DISTRICT CENTER PROGRAM SPECIA,PARKS & RECREATION
25500.8,DISTRICT CENTER PROGRAM SPECIA,PARKS & RECREATION
18574.4,RECREATION SPECIALIST,PARKS & RECREATION
16556.8,GROUP LEADER-RECREATION PROGRA,PARKS & RECREATION
17056,GROUP LEADER-RECREATION PROGRA,PARKS & RECREATION
16120,GROUP LEADER-RECREATION PROGRA,PARKS & RECREATION
32036,RECREATION SPECIALIST,PARKS & RECREATION
21008,PARA PROFESSIONAL,PARKS & RECREATION
17056,GROUP LEADER-RECREATION PROGRA,PARKS & RECREATION
12792,PARA PROFESSIONAL,PARKS & RECREATION
28680.56,RECREATION SPECIALIST,PARKS & RECREATION
17513.6,RECREATION SPECIALIST,PARKS & RECREATION
30735.9,RECREATION SPECIALIST,PARKS & RECREATION
19136,RECREATION SPECIALIST,PARKS & RECREATION
25500.8,DISTRICT CENTER PROGRAM SPECIA,PARKS & RECREATION
25500.8,DISTRICT CENTER PROGRAM SPECIA,PARKS & RECREATION
25500.8,DISTRICT CENTER PROGRAM SPECIA,PARKS & RECREATION
35274.06,RECREATION ASSISTANT SUPERVISO,PARKS & RECREATION
12792,PARA PROFESSIONAL,PARKS & RECREATION
16120,GROUP LEADER-RECREATION PROGRA,PARKS & RECREATION
17513.6,RECREATION SPECIALIST,PARKS & RECREATION
37559.32,RECREATION ASSISTANT SUPERVISO,CITY/COUNTY INSPECTIONS
17513.6,RECREATION SPECIALIST,PARKS & RECREATION
17513.6,RECREATION SPECIALIST,PARKS & RECREATION
17513.6,RECREATION SPECIALIST,PARKS & RECREATION
33227.55,RECREATION SPECIALIST,PARKS & RECREATION
15308.8,ATTENDANT II,PARKS & RECREATION
28118.18,RECREATION SPECIALIST,PARKS & RECREATION
28355.42,STAFF ASSISTANT,PARKS & RECREATION
18033.6,RECREATION SPECIALIST,PARKS & RECREATION
17513.6,RECREATION SPECIALIST,PARKS & RECREATION
18033.6,RECREATION SPECIALIST,PARKS & RECREATION
45837.24,AQUATICS SUPERVISOR,PARKS & RECREATION
25500.8,TEENAGE PROGRAM MPS,PARKS & RECREATION
16556.8,GROUP LEADER-RECREATION PROGRA,PARKS & RECREATION
14726.4,ATTENDANT II,PARKS & RECREATION
17284.8,FACILITY SUPERVISOR,PARKS & RECREATION
16120,GROUP LEADER-RECREATION PROGRA,PARKS & RECREATION
16120,GROUP LEADER-RECREATION PROGRA,PARKS & RECREATION
12792,PARA PROFESSIONAL,PARKS & RECREATION
28118.16,RECREATION SPECIALIST,PARKS & RECREATION
17513.6,RECREATION SPECIALIST,PARKS & RECREATION
25500.8,DISTRICT CENTER PROGRAM SPECIA,PARKS & RECREATION
16556.8,GROUP LEADER-RECREATION PROGRA,PARKS & RECREATION
25500.8,CERAMIC INSTRUCTOR,PARKS & RECREATION
12792,PARA PROFESSIONAL,PARKS & RECREATION
17056,GROUP LEADER-RECREATION PROGRA,PARKS & RECREATION
13852.8,ATTENDANT I,PARKS & RECREATION
25500.8,DISTRICT CENTER PROGRAM SPECIA,PARKS & RECREATION
26769.6,DISTRICT CENTER PROGRAM SPECIA,PARKS & RECREATION
32043.96,RECREATION ASSISTANT SUPERVISO,PARKS & RECREATION
41108.37,RECREATION ASSISTANT SUPERVISO,PARKS & RECREATION
25500.8,TEENAGE PROGRAM MPS,PARKS & RECREATION
16120,GROUP LEADER-RECREATION PROGRA,PARKS & RECREATION
19510.4,RECREATION SPECIALIST,PARKS & RECREATION
26779.2,RECREATION SPECIALIST,PARKS & RECREATION
17056,GROUP LEADER-RECREATION PROGRA,PARKS & RECREATION
25500.8,TEENAGE PROGRAM COORDINATOR,PARKS & RECREATION
18033.6,PARTTIME TECHNICIANS,PARKS & RECREATION
17513.6,FACILITY SUPERVISOR,PARKS & RECREATION
16120,GROUP LEADER-RECREATION PROGRA,PARKS & RECREATION
14726.4,ATTENDANT II,PARKS & RECREATION
15308.8,ATTENDANT II,PARKS & RECREATION
43619.49,RECREATION SUPERVISOR,PARKS & RECREATION
16120,GROUP LEADER-RECREATION PROGRA,PARKS & RECREATION
17513.6,FACILITY SUPERVISOR,PARKS & RECREATION
21008,PARA PROFESSIONAL,PARKS & RECREATION
25500.8,TEENAGE PROGRAM MPS,PARKS & RECREATION
14726.4,ATTENDANT II,PARKS & RECREATION
25500.8,SERVICE MAINTENANCE,PARKS & RECREATION
16556.8,GROUP LEADER-RECREATION PROGRA,PARKS & RECREATION
14726.4,ATTENDANT II,PARKS & RECREATION
39379.45,RECREATION ASSISTANT SUPERVISO,PARKS & RECREATION
18033.6,FACILITY SUPERVISOR,PARKS & RECREATION
16556.8,GROUP LEADER-RECREATION PROGRA,PARKS & RECREATION
14726.4,ATTENDANT II,PARKS & RECREATION
19136,RECREATION SPECIALIST,PARKS & RECREATION
25500.8,DISTRICT CENTER PROGRAM SPECIA,PARKS & RECREATION
15766.4,ATTENDANT II,PARKS & RECREATION
52695,AQUATICS SUPERVISOR,PARKS & RECREATION
30115.45,RECREATION SPECIALIST,PARKS & RECREATION
15308.8,ATTENDANT II,PARKS & RECREATION
36351.36,RECREATION ASSISTANT SUPERVISO,PARKS & RECREATION
16328,GROUP LEADER-RECREATION PROGRA,PARKS & RECREATION
17513.6,RECREATION SPECIALIST,PARKS & RECREATION
18574.4,RECREATION SPECIALIST,PARKS & RECREATION
15766.4,ATTENDANT II,PARKS & RECREATION
25500.8,POTTERY INSTRUCTOR,PARKS & RECREATION
31216.96,RECREATION SPECIALIST,PARKS & RECREATION
17513.6,RECREATION SPECIALIST,PARKS & RECREATION
16328,GROUP LEADER-RECREATION PROGRA,PARKS & RECREATION
60293.29,RECREATION MANAGER,PARKS & RECREATION
15995.2,LIFEGUARD,PARKS & RECREATION
15995.2,LIFEGUARD,PARKS & RECREATION
18012.8,LIFEGUARD,PARKS & RECREATION
35896.9,AQUATICS ASSISTANT SUPERVISOR,PARKS & RECREATION
15995.2,LIFEGUARD,PARKS & RECREATION
15995.2,LIFEGUARD,PARKS & RECREATION
16972.8,LIFEGUARD,PARKS & RECREATION
15995.2,LIFEGUARD,PARKS & RECREATION
15995.2,LIFEGUARD,PARKS & RECREATION
21382.4,SENIOR LIFEGUARD,PARKS & RECREATION
20758.4,SENIOR LIFEGUARD,PARKS & RECREATION
18012.8,LIFEGUARD,PARKS & RECREATION
15995.2,LIFEGUARD,PARKS & RECREATION
18012.8,LIFEGUARD,PARKS & RECREATION
15995.2,LIFEGUARD,PARKS & RECREATION
19094.4,SENIOR LIFEGUARD,PARKS & RECREATION
15995.2,LIFEGUARD,PARKS & RECREATION
15995.2,LIFEGUARD,PARKS & RECREATION
18012.8,LIFEGUARD,PARKS & RECREATION
15995.2,LIFEGUARD,PARKS & RECREATION
18012.8,LIFEGUARD,PARKS & RECREATION
16972.8,LIFEGUARD,PARKS & RECREATION
18012.8,LIFEGUARD,PARKS & RECREATION
15995.2,LIFEGUARD,PARKS & RECREATION
26758,AQUATICS SPECIALIST,PARKS & RECREATION
15995.2,LIFEGUARD,PARKS & RECREATION
16972.8,LIFEGUARD,PARKS & RECREATION
17472,LIFEGUARD,PARKS & RECREATION
15995.2,LIFEGUARD,PARKS & RECREATION
17472,LIFEGUARD,PARKS & RECREATION
15995.2,LIFEGUARD,PARKS & RECREATION
15995.2,LIFEGUARD,PARKS & RECREATION
13561.6,CASHIER,PARKS & RECREATION
13561.6,CASHIER,PARKS & RECREATION
28114.06,STAFF ASSISTANT,PARKS & RECREATION
17513.6,AQUATIC FACILITY MANAGER (SEA),PARKS & RECREATION
15995.2,LIFEGUARD,PARKS & RECREATION
16972.8,LIFEGUARD,PARKS & RECREATION
15995.2,LIFEGUARD,PARKS & RECREATION
16972.8,LIFEGUARD,PARKS & RECREATION
13561.6,CASHIER,PARKS & RECREATION
15995.2,LIFEGUARD,PARKS & RECREATION
15995.2,LIFEGUARD,PARKS & RECREATION
15995.2,LIFEGUARD,PARKS & RECREATION
16972.8,LIFEGUARD,PARKS & RECREATION
16972.8,LIFEGUARD,PARKS & RECREATION
20155.2,AQUATIC FACILITY MANAGER (SEA),PARKS & RECREATION
15995.2,LIFEGUARD,PARKS & RECREATION
27920.88,STAFF ASSISTANT,PARKS & RECREATION
13561.6,CASHIER,PARKS & RECREATION
13561.6,CASHIER,PARKS & RECREATION
15995.2,LIFEGUARD,PARKS & RECREATION
16972.8,LIFEGUARD,PARKS & RECREATION
15995.2,LIFEGUARD,PARKS & RECREATION
37336.03,AQUATICS ASSISTANT SUPERVISOR,PARKS & RECREATION
20758.4,AQUATIC FACILITY MANAGER (SEA),PARKS & RECREATION
16972.8,LIFEGUARD,PARKS & RECREATION
15995.2,LIFEGUARD,PARKS & RECREATION
17472,LIFEGUARD,PARKS & RECREATION
20758.4,SENIOR LIFEGUARD,PARKS & RECREATION
21382.4,SENIOR LIFEGUARD,PARKS & RECREATION
15995.2,LIFEGUARD,PARKS & RECREATION
25500.8,PARA PROFESSIONAL,PARKS & RECREATION
16972.8,ASSISTANT AQUATIC FACILITY MGR,PARKS & RECREATION
15995.2,LIFEGUARD,PARKS & RECREATION
13561.6,CASHIER,PARKS & RECREATION
20155.2,AQUATIC FACILITY MANAGER (SEA),PARKS & RECREATION
15995.2,LIFEGUARD,PARKS & RECREATION
15995.2,LIFEGUARD,PARKS & RECREATION
20155.2,AQUATIC FACILITY MANAGER (SEA),PARKS & RECREATION
21008,PARA PROFESSIONAL,PARKS & RECREATION
12251.2,CASHIER,PARKS & RECREATION
15995.2,LIFEGUARD,PARKS & RECREATION
56649.88,SENIOR PLANNER,PARKS & RECREATION
50189.36,SENIOR PLANNER,PARKS & RECREATION
73180.89,DIRECTOR,PARKS & RECREATION
20259.2,LAKE ATTENDANT,PARKS & RECREATION
20259.2,LAKE ATTENDANT,PARKS & RECREATION
17222.4,MILLER,PARKS & RECREATION
60304.34,RECREATION MANAGER,PARKS & RECREATION
14393.6,TOUR GUIDE,PARKS & RECREATION
17222.4,SERVICE MAINTENANCE,PARKS & RECREATION
36722.6,RECREATION ASSISTANT SUPERVISO,PARKS & RECREATION
15308.8,ATTENDANT II,PARKS & RECREATION
26063.9,SENIOR LABORER,PARKS & RECREATION
23940.02,SENIOR LABORER,PARKS & RECREATION
26167.52,SENIOR LABORER,PARKS & RECREATION
21715.2,SERVICE MAINTENANCE,PARKS & RECREATION
59653.66,PARKS SUPERINTENDENT,PARKS & RECREATION
26270.4,PARA PROFESSIONAL,PARKS & RECREATION
27192.48,CUSTODIAN,PARKS & RECREATION
26276.49,CUSTODIAN,PARKS & RECREATION
24924.08,CUSTODIAN,PARKS & RECREATION
26756.07,CUSTODIAN,PARKS & RECREATION
21000,CUSTODIAN,PARKS & RECREATION
28821,CUSTODIAN,PARKS & RECREATION
24272.67,CUSTODIAN,PARKS & RECREATION
28272.14,CUSTODIAN,PARKS & RECREATION
24405.76,CUSTODIAN,PARKS & RECREATION
25108.69,CUSTODIAN,PARKS & RECREATION
28056.36,EQUIPMENT OPERATOR I,PARKS & RECREATION
26845.61,PROPERTY CARE WORKER,PARKS & RECREATION
24125,PROPERTY CARE WORKER,PARKS & RECREATION
24180,EQUIPMENT OPERATOR I,PARKS & RECREATION
25064,SENIOR LABORER,PARKS & RECREATION
70165.56,PLANNING SUPERVISOR,CITY/COUNTY PLANNING
53096.04,SENIOR PLANNER,CITY/COUNTY PLANNING
32665.17,SECRETARY,CITY/COUNTY PLANNING
45245.43,EXECUTIVE SECRETARY,CITY/COUNTY PLANNING
29147,STAFF ASSISTANT,CITY/COUNTY PLANNING
115785.2,DIRECTOR OF CITY/COUNTY PLANNI,CITY/COUNTY PLANNING
86381.57,ASSISTANT CITY-COUNTY PLN DIRE,CITY/COUNTY PLANNING
27034.16,SECRETARY,CITY/COUNTY PLANNING
46757,ASSOCIATE PLANNER,CITY/COUNTY PLANNING
42035.61,PLANNER,CITY/COUNTY PLANNING
32352.6,EXECUTIVE SECRETARY,CITY/COUNTY PLANNING
66328.7,SENIOR PLANNER,CITY/COUNTY PLANNING
44037.57,PLANNER,CITY/COUNTY PLANNING
61986.59,SENIOR PLANNER,CITY/COUNTY PLANNING
62196.58,PLANNING SUPERVISOR,CITY/COUNTY PLANNING
67076.4,SENIOR PLANNER,CITY/COUNTY PLANNING
56109,PLANNER,CITY/COUNTY PLANNING
52141.64,PLANNER,CITY/COUNTY PLANNING
40239.11,MANAGEMENT ASSISTANT,CITY/COUNTY PLANNING
51428.29,SENIOR PLANNER,CITY/COUNTY PLANNING
67782,SENIOR PLANNER,CITY/COUNTY PLANNING
67076.4,SENIOR PLANNER,CITY/COUNTY PLANNING
41228.66,PLANNER,CITY/COUNTY PLANNING
65675.34,PLANNING SUPERVISOR,CITY/COUNTY PLANNING
39866.98,PLANNER,CITY/COUNTY PLANNING
53601.72,SENIOR PLANNER,CITY/COUNTY PLANNING
50521.52,SENIOR PLANNER,CITY/COUNTY PLANNING
74504.04,PLANNING SUPERVISOR,CITY/COUNTY PLANNING
75007,ASSISTANT CITY-COUNTY PLN DIRE,CITY/COUNTY PLANNING
62562.63,SENIOR PLANNER,CITY/COUNTY PLANNING
37224,PLANNER,CITY/COUNTY PLANNING
38917.59,PLANNER,CITY/COUNTY PLANNING
53146.15,PLANNER,CITY/COUNTY PLANNING
54564.51,SENIOR PLANNER,CITY/COUNTY PLANNING
53611.47,SENIOR PLANNER,CITY/COUNTY PLANNING
37968.58,PLANNER,CITY/COUNTY PLANNING
41755.08,PLANNER,CITY/COUNTY PLANNING
49097.04,SENIOR PLANNER,CITY/COUNTY PLANNING
62086,PLANNING SUPERVISOR,CITY/COUNTY PLANNING
40641.08,PLANNER,CITY/COUNTY PLANNING
53363.31,SENIOR PLANNER,CITY/COUNTY PLANNING
59925.07,SENIOR PLANNER,CITY/COUNTY PLANNING
119303.56,POLICE CHIEF,POLICE
85987.24,SR POLICE ATTORNEY,POLICE
87448.22,DEPUTY POLICE CHIEF,POLICE
37810.68,PROGRAM ASSISTANT,POLICE
83837.47,POLICE MAJOR,POLICE
79368.41,POLICE ATTORNEY,POLICE
45092.58,POLICE OFFICER,POLICE
58224.66,POLICE SERGEANT,POLICE
57038.54,MASTER OFFICER,POLICE
46329.4,POLICE OFFICER,POLICE
51851.8,MASTER OFFICER,POLICE
52862.42,POLICE OFFICER,POLICE
44517.98,POLICE OFFICER,POLICE
50090.82,INVESTIGATOR,POLICE
51890.02,MASTER OFFICER,POLICE
55065.92,MASTER OFFICER,POLICE
47000.81,CRIMINAL INFORMATION SPECIALIS,POLICE
46757,CRIMINAL INFORMATION SPECIALIS,POLICE
52730.54,CRIMINAL INFORMATION SPECIALIS,POLICE
47840.26,CRIME ANALYSIS SUPERVISOR,POLICE
46757,CRIMINAL INFORMATION SPECIALIS,POLICE
52355.16,POLICE CORPORAL,POLICE
63263.2,POLICE SERGEANT,POLICE
47944.26,MASTER OFFICER,POLICE
57038.54,MASTER OFFICER,POLICE
47486.4,POLICE OFFICER,POLICE
43431.96,POLICE OFFICER,POLICE
44734.82,POLICE OFFICER,POLICE
43431.96,INVESTIGATOR,POLICE
42167.06,INVESTIGATOR,POLICE
55976.44,MASTER OFFICER,POLICE
53955.2,POLICE SERGEANT,POLICE
43883.06,INVESTIGATOR,POLICE
45603.74,POLICE CORPORAL,POLICE
42200.08,INVESTIGATOR,POLICE
52355.16,MASTER OFFICER,POLICE
59890.48,MASTER OFFICER,POLICE
49142.86,POLICE CORPORAL,POLICE
43431.96,INVESTIGATOR,POLICE
43431.96,INVESTIGATOR,POLICE
57038.54,MASTER OFFICER,POLICE
45199.44,INVESTIGATOR,POLICE
54444.26,POLICE SERGEANT,POLICE
47952.06,INVESTIGATOR,POLICE
55010.02,POLICE SERGEANT,POLICE
46547.8,POLICE CORPORAL,POLICE
70145.14,POLICE LIEUTENANT,POLICE
43883.06,INVESTIGATOR,POLICE
48774.18,INVESTIGATOR,POLICE
45603.74,INVESTIGATOR,POLICE
28201.87,SECRETARY,POLICE
51731.68,POLICE SERGEANT,POLICE
50378.64,MASTER OFFICER,POLICE
45603.74,INVESTIGATOR,POLICE
57038.54,MASTER OFFICER,POLICE
36428.02,EXECUTIVE SECRETARY,POLICE
42167.06,INVESTIGATOR,POLICE
43883.06,POLICE OFFICER,POLICE
44626.14,POLICE OFFICER,POLICE
43883.06,POLICE OFFICER,POLICE
43883.06,POLICE OFFICER,POLICE
64119.38,POLICE SERGEANT,POLICE
59891,MASTER OFFICER,POLICE
40190.54,POLICE OFFICER,POLICE
55311.62,POLICE SERGEANT,POLICE
45603.74,INVESTIGATOR,POLICE
47459.62,INVESTIGATOR,POLICE
46329.4,INVESTIGATOR,POLICE
48439.3,INVESTIGATOR,POLICE
53025.18,POLICE SERGEANT,POLICE
41195.7,INVESTIGATOR,POLICE
43431.96,INVESTIGATOR,POLICE
49142.86,MASTER OFFICER,POLICE
51890.02,MASTER OFFICER,POLICE
47459.62,INVESTIGATOR,POLICE
53955.2,POLICE SERGEANT,POLICE
56167.28,MASTER OFFICER,POLICE
42167.06,INVESTIGATOR,POLICE
42167.06,INVESTIGATOR,POLICE
56077.58,POLICE SERGEANT,POLICE
42200.08,INVESTIGATOR,POLICE
40190.54,INVESTIGATOR,POLICE
44275.4,INVESTIGATOR,POLICE
46329.4,INVESTIGATOR,POLICE
50341.46,POLICE SERGEANT,POLICE
33039,POLICE OFFICER,POLICE
44517.98,INVESTIGATOR,POLICE
42167.06,INVESTIGATOR,POLICE
45603.74,INVESTIGATOR,POLICE
59890.48,MASTER OFFICER,POLICE
54127.32,INVESTIGATOR,POLICE
44275.66,INVESTIGATOR,POLICE
42200.08,INVESTIGATOR,POLICE
45603.74,INVESTIGATOR,POLICE
44517.98,POLICE OFFICER,POLICE
55065.92,POLICE CORPORAL,POLICE
44603.78,POLICE OFFICER,POLICE
40190.54,POLICE OFFICER,POLICE
50089.78,POLICE OFFICER,POLICE
28184,STAFF ASSISTANT,POLICE
43883.06,POLICE OFFICER,POLICE
43431.96,INVESTIGATOR,POLICE
58464.38,MASTER OFFICER,POLICE
42167.06,POLICE OFFICER,POLICE
55948.1,POLICE SERGEANT,POLICE
85485.31,SOFTWARE DEVELOP. ADMINISTRATO,POLICE
58746.87,EMERGENCY INFORMATION SERV COO,POLICE
61077.68,EMERGENCY INFORMATION SERV COO,POLICE
48592.97,EMERGENCY INFORMATION SERV COO,POLICE
62086,EMERGENCY INFO SERVICES SUPERV,POLICE
81207.94,POLICE MAJOR,POLICE
28909.61,STAFF ASSISTANT,POLICE
80576.1,POLICE FISCAL MANAGER,POLICE
67688.66,POLICE FISCAL MANAGER,POLICE
79987.09,POLICE MAJOR,POLICE
73661.12,POLICE CAPTAIN,POLICE
62330.58,POLICE LIEUTENANT,POLICE
64192.44,POLICE LIEUTENANT,POLICE
46443,POLICE RECORDS SUPERVISOR,POLICE
81207.94,POLICE MAJOR,POLICE
62323.04,POLICE LIEUTENANT,POLICE
64200.5,POLICE CAPTAIN,POLICE
71804.46,POLICE CAPTAIN,POLICE
51851.8,POLICE SERGEANT,POLICE
66658.8,POLICE LIEUTENANT,POLICE
73658,POLICE CAPTAIN,POLICE
63103.04,POLICE CAPTAIN,POLICE
33038.98,POLICE OFFICER,POLICE
64192.7,POLICE LIEUTENANT,POLICE
40190.54,POLICE OFFICER,POLICE
61900.8,POLICE LIEUTENANT,POLICE
42200.08,POLICE OFFICER,POLICE
33851.64,EXECUTIVE SECRETARY,POLICE
46464.86,ACCOUNTANT II,POLICE
34162.67,MANAGEMENT ASSISTANT,POLICE
34691.02,POLICE OFFICER,POLICE
47883.94,MASTER OFFICER,POLICE
32545.66,EXECUTIVE SECRETARY,POLICE
59493.98,POLICE LIEUTENANT,POLICE
43431.96,POLICE OFFICER,POLICE
36379.16,MANAGEMENT ASSISTANT,POLICE
44275.4,POLICE CORPORAL,POLICE
66671.8,POLICE LIEUTENANT,POLICE
52897.52,POLICE CORPORAL,POLICE
36566.17,SECRETARY,POLICE
45603.74,POLICE OFFICER,POLICE
42167.06,POLICE OFFICER,POLICE
64094.94,POLICE LIEUTENANT,POLICE
37882.52,POLICE OFFICER,POLICE
59874.36,POLICE SERGEANT,POLICE
73995.48,POLICE CAPTAIN,POLICE
52136.5,POLICE SERGEANT,POLICE
33039,POLICE OFFICER,POLICE
33038.98,POLICE OFFICER,POLICE
54318.42,POLICE SERGEANT,POLICE
54615.86,POLICE SERGEANT,POLICE
42720.26,MANAGEMENT ASSISTANT,POLICE
33039,POLICE OFFICER,POLICE
57023.46,POLICE SERGEANT,POLICE
52390.78,POLICE SERGEANT,POLICE
50864.84,POLICE SERGEANT,POLICE
33039,POLICE OFFICER,POLICE
64859.08,POLICE SERGEANT,POLICE
33830.72,EXECUTIVE SECRETARY,POLICE
52390.78,POLICE SERGEANT,POLICE
55948.1,POLICE SERGEANT,POLICE
70458.44,POLICE CAPTAIN,POLICE
34360.56,POLICE OFFICER,POLICE
40214.98,POLICE OFFICER,POLICE
36425.48,POLICE OFFICER,POLICE
30961.58,MANAGEMENT ASSISTANT,POLICE
38246.78,POLICE OFFICER,POLICE
67107.3,POLICE SERGEANT,POLICE
35558.38,POLICE OFFICER,POLICE
30812,EXECUTIVE SECRETARY,POLICE
36425.48,POLICE OFFICER,POLICE
36425.48,POLICE OFFICER,POLICE
36425.48,POLICE OFFICER,POLICE
34691.02,POLICE OFFICER,POLICE
42200.08,POLICE OFFICER,POLICE
55034.72,POLICE SERGEANT,POLICE
42200.08,POLICE OFFICER,POLICE
42200.08,POLICE OFFICER,POLICE
64754.04,POLICE LIEUTENANT,POLICE
44517.98,POLICE OFFICER,POLICE
37161.8,POLICE OFFICER,POLICE
36078.64,POLICE OFFICER,POLICE
32240.75,EXECUTIVE SECRETARY,POLICE
36425.48,POLICE OFFICER,POLICE
46160.69,PROGRAM ACCOUNTANT,POLICE
41195.44,POLICE OFFICER,POLICE
33038.98,POLICE OFFICER,POLICE
36071.88,POLICE OFFICER,POLICE
34691.02,POLICE OFFICER,POLICE
33038.98,POLICE OFFICER,POLICE
34691.02,POLICE OFFICER,POLICE
44348.72,POLICE OFFICER,POLICE
37161.8,POLICE OFFICER,POLICE
55034.72,POLICE SERGEANT,POLICE
46757,ACCOUNTANT II,POLICE
35558.38,POLICE OFFICER,POLICE
48883.12,POLICE OFFICER,POLICE
41195.44,POLICE OFFICER,POLICE
36425.48,POLICE OFFICER,POLICE
47520.2,POLICE OFFICER,POLICE
43431.96,POLICE OFFICER,POLICE
38246.78,POLICE OFFICER,POLICE
35558.38,POLICE OFFICER,POLICE
36425.48,POLICE OFFICER,POLICE
34691.02,POLICE OFFICER,POLICE
37161.8,POLICE OFFICER,POLICE
33038.98,POLICE OFFICER,POLICE
35319.92,MANAGEMENT ASSISTANT,POLICE
34360.56,POLICE OFFICER,POLICE
40190.54,POLICE OFFICER,POLICE
34691.02,POLICE OFFICER,POLICE
37882.52,POLICE OFFICER,POLICE
43221.1,POLICE OFFICER,POLICE
36425.48,POLICE OFFICER,POLICE
43883.06,POLICE OFFICER,POLICE
58224.66,POLICE SERGEANT,POLICE
44275.4,POLICE OFFICER,POLICE
62323.04,POLICE LIEUTENANT,POLICE
44099.9,POLICE OFFICER,POLICE
36078.64,POLICE OFFICER,POLICE
36425.48,POLICE OFFICER,POLICE
40159.08,POLICE OFFICER,POLICE
43369.79,FORENSIC SERVICES SUPERVISOR,POLICE
37386.26,CRIME SCENE TECHNICIAN,POLICE
42720.63,EXECUTIVE SECRETARY,POLICE
32352.08,CRIME SCENE TECHNICIAN,POLICE
34135.37,CRIME SCENE TECHNICIAN,POLICE
32352.6,CRIME SCENE TECHNICIAN,POLICE
40007.3,CRIME SCENE TECHNICIAN,POLICE
30811.5,CRIME SCENE TECHNICIAN,POLICE
46443.02,CRIME SCENE TECHNICIAN,POLICE
32352.14,CRIME SCENE TECHNICIAN,POLICE
45008.61,CRIME SCENE TECHNICIAN,POLICE
46443,CRIME SCENE TECHNICIAN,POLICE
43431.96,POLICE OFFICER,POLICE
57038.54,MASTER OFFICER,POLICE
45760,PARTTIME PROTECTIVE SERV,POLICE
45760,PARTTIME PROTECTIVE SERV,POLICE
45760,PARTTIME PROTECTIVE SERV,POLICE
62685.48,POLICE SERGEANT,POLICE
45760,PARTTIME PROTECTIVE SERV,POLICE
52862.42,POLICE OFFICER,POLICE
45603.74,POLICE OFFICER,POLICE
43431.96,POLICE OFFICER,POLICE
45760,PARTTIME PROTECTIVE SERV,POLICE
33039,POLICE OFFICER,POLICE
57038.54,MASTER OFFICER,POLICE
49896.34,POLICE CORPORAL,POLICE
45760,PARTTIME PROTECTIVE SERV,POLICE
38246.78,POLICE OFFICER,POLICE
45760,PARTTIME PROTECTIVE SERV,POLICE
42752.07,POLICE OFFICER,POLICE
45603.74,POLICE OFFICER,POLICE
51327.38,POLICE CORPORAL,POLICE
47883.94,POLICE OFFICER,POLICE
46077.2,POLICE OFFICER,POLICE
55948.1,POLICE SERGEANT,POLICE
40208.48,POLICE OFFICER,POLICE
43883.06,POLICE OFFICER,POLICE
52727.74,POLICE CORPORAL,POLICE
40190.54,POLICE OFFICER,POLICE
55948.1,POLICE SERGEANT,POLICE
54453.1,MASTER OFFICER,POLICE
44300.36,POLICE OFFICER,POLICE
57038.54,POLICE CORPORAL,POLICE
49896.08,POLICE CORPORAL,POLICE
44275.4,POLICE OFFICER,POLICE
49390.64,POLICE CORPORAL,POLICE
40190.54,POLICE OFFICER,POLICE
57210.66,POLICE SERGEANT,POLICE
42200.08,POLICE OFFICER,POLICE
33039,POLICE OFFICER,POLICE
40190.54,POLICE OFFICER,POLICE
45199.44,POLICE OFFICER,POLICE
42833.44,POLICE OFFICER,POLICE
45092.32,POLICE OFFICER,POLICE
40190.54,POLICE OFFICER,POLICE
46077.2,POLICE OFFICER,POLICE
49320.44,POLICE CORPORAL,POLICE
42921.39,PROGRAM ASSISTANT,POLICE
56081.22,POLICE CORPORAL,POLICE
33864.98,PROGRAM ASSISTANT,POLICE
36625.13,PROGRAM ASSISTANT,POLICE
45603.74,INVESTIGATOR,POLICE
29903.12,SENIOR STOREKEEPER,POLICE
60751.14,ADMINISTRATIVE ASSISTANT,POLICE
42255,POLICE SERVICES TECHNICIAN,POLICE
395.46,TEMPORARY TECHNICIANS,POLICE
48911.2,POLICE OFFICER,POLICE
45199.44,POLICE OFFICER,POLICE
55976.44,POLICE CORPORAL,POLICE
47459.62,POLICE OFFICER,POLICE
47520.46,MASTER OFFICER,POLICE
51851.8,MASTER OFFICER,POLICE
59680.4,POLICE SERGEANT,POLICE
51891.84,POLICE CORPORAL,POLICE
58464.38,MASTER OFFICER,POLICE
46555.34,POLICE OFFICER,POLICE
46555.34,POLICE OFFICER,POLICE
43550.32,MANAGEMENT ASSISTANT,POLICE
59890.48,MASTER OFFICER,POLICE
52862.42,POLICE OFFICER,POLICE
56461.86,SR HUMAN RESOURCES CONSULTANT,POLICE
52390.78,POLICE SERGEANT,POLICE
46757,ADMINISTRATIVE ASSISTANT,POLICE
30811.5,MANAGEMENT ASSISTANT,POLICE
55009.5,MASTER OFFICER,POLICE
51863.76,POLICE CORPORAL,POLICE
65325.26,POLICE SERGEANT,POLICE
55043.3,POLICE SERGEANT,POLICE
57034.38,POLICE LIEUTENANT,POLICE
68223.1,POLICE CAPTAIN,POLICE
51863.76,POLICE CORPORAL,POLICE
38702,MANAGEMENT ASSISTANT,POLICE
56312.36,MASTER OFFICER,POLICE
54899.26,MASTER OFFICER,POLICE
42516.47,ADMINISTRATIVE ASSISTANT,POLICE
41860.18,COMMUNITY RELATIONS COORDINATO,POLICE
35760.82,MANAGEMENT ASSISTANT,POLICE
46077.2,INVESTIGATOR,POLICE
39085.2,CRIMINAL INFORMATION SPECIALIS,POLICE
29434.65,PROPERTY CUSTODIAN,POLICE
35686.39,MANAGEMENT ASSISTANT,POLICE
28033,PROPERTY CUSTODIAN,POLICE
49902.91,POLICE EVIDENCE SUPERVISOR,POLICE
43883.06,POLICE OFFICER,POLICE
55009.5,MASTER OFFICER,POLICE
53986.4,MASTER OFFICER,POLICE
48911.2,POLICE OFFICER,POLICE
51143.3,POLICE CORPORAL,POLICE
44980,POLICE OFFICER,POLICE
43431.96,POLICE OFFICER,POLICE
46077.2,POLICE OFFICER,POLICE
59890.48,MASTER OFFICER,POLICE
47347.3,MASTER OFFICER,POLICE
61135.88,POLICE SERGEANT,POLICE
43431.96,POLICE OFFICER,POLICE
30922.06,POLICE RECORDS SPECIALIST,POLICE
32321.54,SECRETARY,POLICE
31406.78,POLICE RECORDS SPECIALIST,POLICE
26415.19,POLICE RECORDS SPECIALIST,POLICE
37521.84,POLICE RECORDS SUPERVISOR,POLICE
31708.86,POLICE RECORDS SPECIALIST,POLICE
34439.35,POLICE RECORDS SPECIALIST,POLICE
29910.58,POLICE RECORDS SPECIALIST,POLICE
33436.26,POLICE RECORDS SPECIALIST,POLICE
55120,RECORDS SYSTEM MANAGER,POLICE
26674.18,STAFF ASSISTANT,POLICE
29147,STAFF ASSISTANT,POLICE
29910.58,POLICE RECORDS SPECIALIST,POLICE
34439.35,POLICE RECORDS SPECIALIST,POLICE
26143.84,POLICE RECORDS SPECIALIST,POLICE
46757,ASSISTANT POL RECORDS MANAGER,POLICE
28342.04,SECRETARY,POLICE
34460.92,SECRETARY,POLICE
29939.5,POLICE RECORDS SPECIALIST,POLICE
30922.06,POLICE RECORDS SPECIALIST,POLICE
32424.15,POLICE RECORDS SPECIALIST,POLICE
33323.2,POLICE RECORDS SUPERVISOR,POLICE
26666.76,POLICE RECORDS SPECIALIST,POLICE
26760.01,POLICE RECORDS SPECIALIST,POLICE
26666.76,POLICE RECORDS SPECIALIST,POLICE
34439.35,POLICE RECORDS SPECIALIST,POLICE
30119.47,POLICE RECORDS SPECIALIST,POLICE
24708.06,STAFF ASSISTANT,POLICE
30119.47,POLICE RECORDS SPECIALIST,POLICE
33845.1,POLICE RECORDS SPECIALIST,POLICE
26931.18,POLICE RECORDS SPECIALIST,POLICE
30059,POLICE RECRUIT,POLICE
32609.68,POLICE RECRUIT,POLICE
33038.98,POLICE RECRUIT,POLICE
30059.9,POLICE RECRUIT,POLICE
30059,POLICE RECRUIT,POLICE
30059,POLICE RECRUIT,POLICE
33038.98,POLICE RECRUIT,POLICE
33038.98,POLICE RECRUIT,POLICE
33038.98,POLICE RECRUIT,POLICE
30059.9,POLICE RECRUIT,POLICE
30059,POLICE RECRUIT,POLICE
34691.02,POLICE RECRUIT,POLICE
30059.9,POLICE RECRUIT,POLICE
34690.76,POLICE RECRUIT,POLICE
47944.26,MASTER OFFICER,POLICE
57038.54,MASTER OFFICER,POLICE
58224.92,POLICE SERGEANT,POLICE
43802.72,POLICE OFFICER,POLICE
50689.08,MASTER OFFICER,POLICE
40720.42,POLICE OFFICER,POLICE
53160.12,POLICE CORPORAL,POLICE
50341.2,POLICE CORPORAL,POLICE
43883.06,POLICE OFFICER,POLICE
46077.2,POLICE OFFICER,POLICE
43431.96,POLICE OFFICER,POLICE
50277.76,MASTER OFFICER,POLICE
47459.36,MASTER OFFICER,POLICE
52427.18,POLICE CORPORAL,POLICE
46743.84,INVESTIGATOR,POLICE
59891,MASTER OFFICER,POLICE
45603.74,POLICE OFFICER,POLICE
42577.22,EXECUTIVE SECRETARY,POLICE
43431.96,INVESTIGATOR,POLICE
50378.64,MASTER OFFICER,POLICE
55666,POLICE CORPORAL,POLICE
47459.36,MASTER OFFICER,POLICE
42167.06,POLICE OFFICER,POLICE
57038.54,MASTER OFFICER,POLICE
56081.22,MASTER OFFICER,POLICE
45199.44,INVESTIGATOR,POLICE
46555.34,INVESTIGATOR,POLICE
51851.8,POLICE CORPORAL,POLICE
47711.56,MASTER OFFICER,POLICE
49142.86,MASTER OFFICER,POLICE
47520.46,MASTER OFFICER,POLICE
47459.62,POLICE OFFICER,POLICE
44980,POLICE OFFICER,POLICE
62058.1,POLICE SERGEANT,POLICE
49832.38,POLICE CORPORAL,POLICE
43431.96,POLICE OFFICER,POLICE
45603.74,INVESTIGATOR,POLICE
47928.14,INVESTIGATOR,POLICE
58076.2,POLICE SERGEANT,POLICE
53955.2,POLICE SERGEANT,POLICE
41163.2,INVESTIGATOR,POLICE
40190.54,INVESTIGATOR,POLICE
72249.58,POLICE LIEUTENANT,POLICE
49404.94,INVESTIGATOR,POLICE
50349.52,INVESTIGATOR,POLICE
49142.6,POLICE CORPORAL,POLICE
51783.95,ADMINISTRATIVE ASSISTANT,POLICE
44242.43,PUBLIC AFFAIRS  SPECIALIST,POLICE
43431.96,POLICE OFFICER,POLICE
52870.74,MASTER OFFICER,POLICE
39304.63,PROGRAM ASSISTANT,POLICE
56109,ADMINISTRATIVE ASSISTANT,POLICE
54762.55,SENIOR PLANNER,POLICE
59890.48,MASTER OFFICER,POLICE
53986.4,MASTER OFFICER,POLICE
57038.54,MASTER OFFICER,POLICE
59890.48,MASTER OFFICER,POLICE
57038.54,MASTER OFFICER,POLICE
45603.74,POLICE OFFICER,POLICE
58224.66,POLICE SERGEANT,POLICE
71515.6,POLICE CAPTAIN,POLICE
54444.26,POLICE SERGEANT,POLICE
53961.7,POLICE CORPORAL,POLICE
46443,EXECUTIVE SECRETARY,POLICE
43431.96,POLICE OFFICER,POLICE
55010.02,POLICE SERGEANT,POLICE
32135.1,PROPERTY CUSTODIAN,POLICE
66118.26,POLICE LIEUTENANT,POLICE
45192.16,POLICE CORPORAL,POLICE
42200.08,POLICE OFFICER,POLICE
34691.02,POLICE OFFICER,POLICE
33865,POLICE OFFICER,POLICE
49320.44,POLICE CORPORAL,POLICE
70153.46,POLICE CAPTAIN,POLICE
36425.48,POLICE OFFICER,POLICE
53517.62,POLICE CORPORAL,POLICE
50617.06,POLICE CORPORAL,POLICE
50349.78,POLICE CORPORAL,POLICE
36972.78,POLICE OFFICER,POLICE
47451.82,POLICE CORPORAL,POLICE
41195.44,POLICE OFFICER,POLICE
45192.16,POLICE CORPORAL,POLICE
58450.08,POLICE SERGEANT,POLICE
45064.5,POLICE OFFICER,POLICE
36425.48,POLICE OFFICER,POLICE
38246.78,POLICE OFFICER,POLICE
36425.48,POLICE OFFICER,POLICE
51385.88,POLICE CORPORAL,POLICE
34691.02,POLICE OFFICER,POLICE
46971.6,POLICE CORPORAL,POLICE
36078.64,POLICE OFFICER,POLICE
57038.54,POLICE CORPORAL,POLICE
43883.06,POLICE OFFICER,POLICE
35558.08,POLICE OFFICER,POLICE
38758.72,POLICE OFFICER,POLICE
44099.9,POLICE OFFICER,POLICE
51143.3,POLICE CORPORAL,POLICE
55873.48,POLICE SERGEANT,POLICE
34691.02,POLICE OFFICER,POLICE
34691.02,POLICE OFFICER,POLICE
58464.9,MASTER OFFICER,POLICE
43883.06,POLICE OFFICER,POLICE
33039,POLICE OFFICER,POLICE
43883.06,POLICE OFFICER,POLICE
47944.26,POLICE CORPORAL,POLICE
42167.06,POLICE OFFICER,POLICE
49382.58,POLICE CORPORAL,POLICE
40190.54,POLICE OFFICER,POLICE
43431.96,POLICE OFFICER,POLICE
36425.48,POLICE OFFICER,POLICE
34360.56,POLICE OFFICER,POLICE
34691.02,POLICE OFFICER,POLICE
48875.06,POLICE CORPORAL,POLICE
43431.96,POLICE OFFICER,POLICE
53461.98,POLICE CORPORAL,POLICE
47459.62,POLICE OFFICER,POLICE
36425.48,POLICE OFFICER,POLICE
44374.2,POLICE OFFICER,POLICE
33038.98,POLICE OFFICER,POLICE
33039,POLICE OFFICER,POLICE
35558.38,POLICE OFFICER,POLICE
40190.54,POLICE OFFICER,POLICE
38246.78,POLICE OFFICER,POLICE
44912.4,POLICE OFFICER,POLICE
48381.06,POLICE CORPORAL,POLICE
41163.2,POLICE OFFICER,POLICE
36425.48,POLICE OFFICER,POLICE
56167.28,POLICE CORPORAL,POLICE
54677.74,POLICE CORPORAL,POLICE
34691.02,POLICE OFFICER,POLICE
34691.02,POLICE OFFICER,POLICE
36425.48,POLICE OFFICER,POLICE
33039,POLICE OFFICER,POLICE
42167.06,POLICE OFFICER,POLICE
36425.48,POLICE OFFICER,POLICE
37336.26,POLICE OFFICER,POLICE
43883.06,POLICE OFFICER,POLICE
43883.06,POLICE OFFICER,POLICE
44275.4,POLICE OFFICER,POLICE
37161.8,POLICE OFFICER,POLICE
45192.16,POLICE CORPORAL,POLICE
45603.74,POLICE OFFICER,POLICE
34360.56,POLICE OFFICER,POLICE
34691.02,POLICE OFFICER,POLICE
44517.98,POLICE OFFICER,POLICE
34691.02,POLICE OFFICER,POLICE
43883.06,POLICE OFFICER,POLICE
49832.38,POLICE CORPORAL,POLICE
42167.06,POLICE OFFICER,POLICE
38276.68,POLICE OFFICER,POLICE
34691.02,POLICE OFFICER,POLICE
45603.74,POLICE CORPORAL,POLICE
39233.74,POLICE OFFICER,POLICE
36078.64,POLICE OFFICER,POLICE
34691.02,POLICE OFFICER,POLICE
33865,POLICE OFFICER,POLICE
36078.64,POLICE OFFICER,POLICE
46547.8,POLICE CORPORAL,POLICE
41195.44,POLICE OFFICER,POLICE
35558.38,POLICE OFFICER,POLICE
53517.1,POLICE CORPORAL,POLICE
34691.02,POLICE OFFICER,POLICE
36972.52,POLICE OFFICER,POLICE
40159.08,POLICE OFFICER,POLICE
36425.48,POLICE OFFICER,POLICE
34691.02,POLICE OFFICER,POLICE
63396.32,POLICE LIEUTENANT,POLICE
39234,POLICE OFFICER,POLICE
47459.36,POLICE CORPORAL,POLICE
33039,POLICE OFFICER,POLICE
47883.94,POLICE CORPORAL,POLICE
33039,POLICE OFFICER,POLICE
40190.54,POLICE OFFICER,POLICE
34691.02,POLICE OFFICER,POLICE
33038.98,POLICE OFFICER,POLICE
33039,POLICE OFFICER,POLICE
34360.56,POLICE OFFICER,POLICE
59891,MASTER OFFICER,POLICE
38090.78,POLICE OFFICER,POLICE
47883.94,POLICE CORPORAL,POLICE
59890.48,MASTER OFFICER,POLICE
51851.8,POLICE CORPORAL,POLICE
45603.74,POLICE CORPORAL,POLICE
56077.58,POLICE SERGEANT,POLICE
46489.3,POLICE CORPORAL,POLICE
45603.74,POLICE CORPORAL,POLICE
50341.46,POLICE CORPORAL,POLICE
57038.54,POLICE CORPORAL,POLICE
44275.4,POLICE CORPORAL,POLICE
47456.5,POLICE CORPORAL,POLICE
37161.8,POLICE OFFICER,POLICE
52390,POLICE CORPORAL,POLICE
33039,POLICE OFFICER,POLICE
40190.54,POLICE OFFICER,POLICE
54221.7,POLICE SERGEANT,POLICE
61671,CONTRACT ADMINISTRATOR,DEPT OF COMMUNITY DEVELOPMENT
28795.51,SECRETARY,PUBLIC WORKS
72362.36,GEO INFORMATION SYSTEMS ANALYS,PUBLIC WORKS
86267.96,CIVIL ENGINEER V,PUBLIC WORKS
43874.1,MANAGEMENT ASSISTANT,PUBLIC WORKS
67197.35,BUSINESS ANALYST,PUBLIC WORKS
113039.18,PUBLIC WORKS DIRECTOR,PUBLIC WORKS
22050,LABORER,PUBLIC WORKS
62086,ASSISTANT STREET SUPERINTENDEN,PUBLIC WORKS
20999.94,LABORER,PUBLIC WORKS
33867.33,EQUIPMENT OP III,PUBLIC WORKS
46720.95,PUBLIC WORKS SUPERVISOR,PUBLIC WORKS
21000,LABORER,PUBLIC WORKS
26952.58,LABORER,PUBLIC WORKS
29147,ROAD WORKER,PUBLIC WORKS
27841.68,STOREKEEPER,PUBLIC WORKS
23910,LABORER,PUBLIC WORKS
22676.68,LABORER,PUBLIC WORKS
28486.92,EQUIPMENT OP III,PUBLIC WORKS
22050,LABORER,PUBLIC WORKS
25504.05,EQUIPMENT OP III,PUBLIC WORKS
46803.94,PUBLIC WORKS SUPERVISOR,PUBLIC WORKS
39793.06,INVENTORY CONTROL SUPERVISOR,PUBLIC WORKS
33852.79,EXECUTIVE SECRETARY,PUBLIC WORKS
27582.56,EQUIPMENT OP III,PUBLIC WORKS
28692,LABORER,PUBLIC WORKS
25068.48,LABORER,PUBLIC WORKS
35237.48,CREW CHIEF II,PUBLIC WORKS
32352.68,CREW CHIEF II,PUBLIC WORKS
70913.87,STREET SUPERINTENDENT,PUBLIC WORKS
23243.58,LABORER,PUBLIC WORKS
45362.91,CREW CHIEF II,PUBLIC WORKS
48484.92,PUBLIC WORKS SUPERVISOR,PUBLIC WORKS
32237.92,EQUIPMENT OPERATOR IV,PUBLIC WORKS
26422.58,ROAD WORKER,PUBLIC WORKS
23604,EQUIPMENT OPERATOR I,PUBLIC WORKS
26143.84,ROAD WORKER,PUBLIC WORKS
32660.8,CREW CHIEF II,PUBLIC WORKS
25052.48,LABORER,PUBLIC WORKS
51045,PROGRAM ASSISTANT,PUBLIC WORKS
22676.68,LABORER,PUBLIC WORKS
26422.58,ROAD WORKER,PUBLIC WORKS
39396.33,CREW CHIEF II,PUBLIC WORKS
32865.76,ROAD WORKER,PUBLIC WORKS
23604.32,EQUIPMENT OPERATOR I,PUBLIC WORKS
34240.21,CREW CHIEF II,PUBLIC WORKS
40898.95,CREW CHIEF II,PUBLIC WORKS
25504.05,EQUIPMENT OP III,PUBLIC WORKS
32010.62,EQUIPMENT OP III,PUBLIC WORKS
22050,LABORER,PUBLIC WORKS
38702,CREW CHIEF II,PUBLIC WORKS
26016.17,EQUIPMENT OPERATOR I,PUBLIC WORKS
26674.18,STAFF ASSISTANT,PUBLIC WORKS
25020.38,EQUIPMENT OPERATOR I,PUBLIC WORKS
26550.34,ROAD WORKER,PUBLIC WORKS
25020.24,EQUIPMENT OPERATOR I,PUBLIC WORKS
21000,LABORER,PUBLIC WORKS
36469.25,CREW CHIEF II,PUBLIC WORKS
22050,LABORER,PUBLIC WORKS
40021.64,CREW CHIEF II,PUBLIC WORKS
28085.15,SECRETARY,PUBLIC WORKS
26422.58,ROAD WORKER,PUBLIC WORKS
22050,LABORER,PUBLIC WORKS
30604,EQUIPMENT OP III,PUBLIC WORKS
23275.2,PARTTIME PROFESSIONAL,PUBLIC WORKS
33867.06,ROAD WORKER,PUBLIC WORKS
38702,CREW CHIEF II,PUBLIC WORKS
49256.02,PUBLIC WORKS SUPERVISOR,PUBLIC WORKS
105470.32,PUBLIC WORKS ENGINEER,PUBLIC WORKS
51100.81,SENIOR TRANSPORTATION TECHNICI,PUBLIC WORKS
50924.87,TRANSPORTATION PLANNER II,PUBLIC WORKS
37000.71,EXECUTIVE SECRETARY,PUBLIC WORKS
28600,PARTTIME OFFICE/CLERICAL,PUBLIC WORKS
37500.98,TRANSPORTATION TECHNICIAN,PUBLIC WORKS
50922.51,TRANSPORTATION SPECIALIST,PUBLIC WORKS
38584,MANAGEMENT ASSISTANT,PUBLIC WORKS
33764.22,STAFF ASSISTANT,PUBLIC WORKS
53549.22,TRANSPORTATION PLANNER II,PUBLIC WORKS
72222.88,TRANSPORTATION ENGINEER IV,PUBLIC WORKS
43680,PARTTIME TECHNICIANS,PUBLIC WORKS
54275.53,TRANSPORTATION SPECIALIST,PUBLIC WORKS
77020.19,TRANSPORTATION ENGINEER IV,PUBLIC WORKS
92400.48,TRANSPORTATION ENGINEER V,PUBLIC WORKS
49402.98,SENIOR TRANSPORTATION TECHNICI,PUBLIC WORKS
51263,TRANSPORTATION SYS ENGINEER,PUBLIC WORKS
32660.2,TRAFFIC SIGNAL TECHNICIAN,PUBLIC WORKS
49083.48,TRAFFIC SYSTEMS SUPERVISOR,PUBLIC WORKS
40002.01,TRAFFIC SYSTEMS TECHNICIAN,PUBLIC WORKS
34317,TRANSPORTATION ASSISTANT,PUBLIC WORKS
36379.33,TRAFFIC CONTROL TECHNICIAN,PUBLIC WORKS
36933.71,SENIOR TRAFFIC SIGNAL TECHNICI,PUBLIC WORKS
32352.6,TRAFFIC SIGNAL TECHNICIAN,PUBLIC WORKS
40762.49,TRAFFIC SIGN MAKER,PUBLIC WORKS
34400.56,TRANSPORTATION ASSISTANT,PUBLIC WORKS
35506.47,TECHNICIAN,PUBLIC WORKS
54697.85,TRANSPORTATION ENGINEER II,PUBLIC WORKS
39224.32,TECHNICIAN,PUBLIC WORKS
52397.17,TRAFFIC CONTROL SUPERVISOR,PUBLIC WORKS
36519.49,TECHNICIAN,PUBLIC WORKS
32660.72,TRAFFIC SIGNAL TECHNICIAN,PUBLIC WORKS
39342.7,TRAFFIC CONTROL TECHNICIAN,PUBLIC WORKS
41577.32,TRAFFIC CONTROL TECHNICIAN,PUBLIC WORKS
39377.11,TECHNICIAN,PUBLIC WORKS
86919.76,TRANSPORTATION ENGINEER IV,PUBLIC WORKS
60337.82,TRANSPORTATION ENGINEER II,PUBLIC WORKS
32352.6,TRAFFIC SIGNAL TECHNICIAN,PUBLIC WORKS
35280.02,TRAFFIC SIGNAL TECHNICIAN,PUBLIC WORKS
59494.21,TRANSPORTATION ENGINEER II,PUBLIC WORKS
41643.37,TECHNICIAN,PUBLIC WORKS
39224.32,TECHNICIAN,PUBLIC WORKS
39085.2,TRAFFIC SYSTEMS TECHNICIAN,PUBLIC WORKS
34866.1,TRAFFIC CONTROL TECHNICIAN,PUBLIC WORKS
31548.42,TRAFFIC CONTROL TECHNICIAN,PUBLIC WORKS
55681.6,PARTTIME TECHNICIANS,PUBLIC WORKS
55681.6,PARTTIME TECHNICIANS,PUBLIC WORKS
54321.68,ENGINEERING INSPECTOR,PUBLIC WORKS
49773.36,SENIOR ENGINEERING TECHNICIAN,PUBLIC WORKS
43279.28,ENGINEERING INSPECTOR,PUBLIC WORKS
31027.54,SURVEY INSTRUMENT OPERATOR,PUBLIC WORKS
31314.74,SURVEYOR HELPER,PUBLIC WORKS
43279.28,ENGINEERING INSPECTOR,PUBLIC WORKS
45881.78,ENGINEERING INSPECTOR,PUBLIC WORKS
44807.02,SENIOR ENGINEERING INSPECTOR,PUBLIC WORKS
38567.9,EXECUTIVE SECRETARY,PUBLIC WORKS
45742.02,ENGINEERING TECHNICIAN,PUBLIC WORKS
37224,ENGINEERING INSPECTOR,PUBLIC WORKS
49902.61,SENIOR ENGINEERING TECHNICIAN,PUBLIC WORKS
82444,CIVIL ENGINEER V,PUBLIC WORKS
52285.36,SURVEY SUPERVISOR,PUBLIC WORKS
45885.83,SENIOR ENGINEERING TECHNICIAN,PUBLIC WORKS
47217.45,CIVIL ENGINEER I,PUBLIC WORKS
112724.57,PUBLIC WORKS ENGINEER,PUBLIC WORKS
42538,SURVEY PARTY CHIEF,PUBLIC WORKS
41069.49,ENGINEERING INSPECTOR,PUBLIC WORKS
45128.58,SURVEY PARTY CHIEF,PUBLIC WORKS
72764.96,CIVIL ENGINEER IV,PUBLIC WORKS
40378.95,ENGINEERING INSPECTOR,PUBLIC WORKS
52181.83,SENIOR ENGINEERING INSPECTOR,PUBLIC WORKS
83208.9,CIVIL ENGINEER IV,PUBLIC WORKS
44371.86,ENGINEERING DESIGNER,PUBLIC WORKS
48972.06,CIVIL ENGINEER I,PUBLIC WORKS
29089.78,SURVEYOR HELPER,PUBLIC WORKS
69006.14,CIVIL ENGINEER III,PUBLIC WORKS
46058.27,MANAGEMENT ASSISTANT,PUBLIC WORKS
57797.19,OPERATIONS & EVALUATION ADMIN,SOLID WASTE
51500,PROGRAM ADMINISTRATOR,SOLID WASTE
64960.02,FISCAL PROGRAM ACCOUNTANT,SOLID WASTE
40914.93,ASSISTANT SOLID WASTE MANAGER,SOLID WASTE
102254.76,SOLID WASTE DIRECTOR,SOLID WASTE
49604.59,ADMINISTRATIVE ASSISTANT,SOLID WASTE
44038.12,ADMINISTRATIVE ASSISTANT,SOLID WASTE
37691.61,PROGRAM ASSISTANT,SOLID WASTE
26742.38,STAFF ASSISTANT,SOLID WASTE
75007,ASSISTANT SOLID WASTE DIRECTOR,SOLID WASTE
29691.75,CUSTOMER SERVICE REPRESENTATIV,SOLID WASTE
71642,ASSISTANT SOLID WASTE DIRECTOR,SOLID WASTE
32957.88,CUSTOMER SERVICE REPRESENTATIV,SOLID WASTE
40792.9,EQUIPMENT OPERATOR IV,SOLID WASTE
34316.92,EQUIPMENT OPERATOR IV,SOLID WASTE
29434.65,EQUIPMENT OPERATOR IV,SOLID WASTE
29434.59,EQUIPMENT OPERATOR IV,SOLID WASTE
32240.75,EQUIPMENT OPERATOR IV,SOLID WASTE
32240.75,EQUIPMENT OPERATOR IV,SOLID WASTE
32535.87,EQUIPMENT OPERATOR IV,SOLID WASTE
33180.04,EQUIPMENT OPERATOR IV,SOLID WASTE
36421.87,EQUIPMENT OPERATOR IV,SOLID WASTE
33815.69,EQUIPMENT OPERATOR IV,SOLID WASTE
30906.33,EQUIPMENT OPERATOR IV,SOLID WASTE
38081.86,EQUIPMENT OPERATOR IV,SOLID WASTE
44478.28,ASSISTANT SOLID WASTE MANAGER,SOLID WASTE
33611.21,EQUIPMENT OPERATOR IV,SOLID WASTE
32549.46,EQUIPMENT OPERATOR IV,SOLID WASTE
31833.63,EQUIPMENT OPERATOR IV,SOLID WASTE
30906.88,EQUIPMENT OPERATOR IV,SOLID WASTE
44080.02,SENIOR SOLID WASTE SUPERVISOR,SOLID WASTE
40792.9,EQUIPMENT OPERATOR IV,SOLID WASTE
40792.64,EQUIPMENT OPERATOR IV,SOLID WASTE
40792.64,EQUIPMENT OPERATOR IV,SOLID WASTE
40792.9,EQUIPMENT OPERATOR IV,SOLID WASTE
32912.28,CUSTOMER SERVICE REPRESENTATIV,SOLID WASTE
40792.9,EQUIPMENT OPERATOR IV,SOLID WASTE
56485,ASSISTANT SOLID WASTE MANAGER,SOLID WASTE
40792.64,EQUIPMENT OPERATOR IV,SOLID WASTE
41188.98,EQUIPMENT OPERATOR IV,SOLID WASTE
46757,WASTE REDUCTION COORDINATOR,SOLID WASTE
25895.69,SOLID WASTE COLLECTOR,SOLID WASTE
23275.2,PARTTIME OFFICE/CLERICAL,SOLID WASTE
25383.25,SOLID WASTE COLLECTOR,SOLID WASTE
25383.25,SOLID WASTE COLLECTOR,SOLID WASTE
31309.38,SOLID WASTE COLLECTOR,SOLID WASTE
29434.59,EQUIPMENT OPERATOR IV,SOLID WASTE
31527.77,SOLID WASTE COLLECTOR,SOLID WASTE
34162.4,EQUIPMENT OPERATOR IV,SOLID WASTE
38444,EQUIPMENT OP III,SOLID WASTE
30005.16,EQUIPMENT OP III,SOLID WASTE
40624.72,EQUIPMENT OPERATOR IV,SOLID WASTE
39202.17,EQUIPMENT OPERATOR IV,SOLID WASTE
29434.86,EQUIPMENT OPERATOR IV,SOLID WASTE
43664.17,SOLID WASTE SUPERVISOR,SOLID WASTE
34050.93,EQUIPMENT OP III,SOLID WASTE
27656.72,SOLID WASTE COLLECTOR,SOLID WASTE
23124.19,SOLID WASTE COLLECTOR,SOLID WASTE
26271.73,SOLID WASTE COLLECTOR,SOLID WASTE
25383.25,SOLID WASTE COLLECTOR,SOLID WASTE
45443,MANAGEMENT ASSISTANT,SOLID WASTE
31309.38,SOLID WASTE COLLECTOR,SOLID WASTE
28098.45,SOLID WASTE COLLECTOR,SOLID WASTE
23946.2,SOLID WASTE COLLECTOR,SOLID WASTE
32036,EQUIPMENT OP III,SOLID WASTE
34162.4,EQUIPMENT OPERATOR IV,SOLID WASTE
44864.65,SOLID WASTE SUPERVISOR,SOLID WASTE
39604.76,EQUIPMENT OP III,SOLID WASTE
26817.09,SOLID WASTE COLLECTOR,SOLID WASTE
35686.49,EQUIPMENT OPERATOR IV,SOLID WASTE
40792.64,EQUIPMENT OPERATOR IV,SOLID WASTE
43207.98,SOLID WASTE SUPERVISOR,SOLID WASTE
29434.59,EQUIPMENT OPERATOR IV,SOLID WASTE
25383.25,SOLID WASTE COLLECTOR,SOLID WASTE
25504.05,EQUIPMENT OP III,SOLID WASTE
31309.38,SOLID WASTE COLLECTOR,SOLID WASTE
35212,EQUIPMENT OPERATOR IV,SOLID WASTE
30835.73,SOLID WASTE COLLECTOR,SOLID WASTE
32315.16,EQUIPMENT OP III,SOLID WASTE
22806,SOLID WASTE COLLECTOR,SOLID WASTE
42255,EQUIPMENT OPERATOR IV,SOLID WASTE
42889.81,MASTER MECHANIC,SOLID WASTE
26873.89,SOLID WASTE COLLECTOR,SOLID WASTE
32010.62,EQUIPMENT OP III,SOLID WASTE
21320,SERVICE MAINTENANCE,SOLID WASTE
27404.96,SOLID WASTE COLLECTOR,SOLID WASTE
23356.44,SENIOR LABORER,SOLID WASTE
26873.89,SOLID WASTE COLLECTOR,SOLID WASTE
25504.05,EQUIPMENT OP III,SOLID WASTE
36086.85,EQUIPMENT OPERATOR IV,SOLID WASTE
25646.69,SOLID WASTE COLLECTOR,SOLID WASTE
29434.59,EQUIPMENT OPERATOR IV,SOLID WASTE
26144.18,EQUIPMENT OP III,SOLID WASTE
44478.28,ASSISTANT SOLID WASTE MANAGER,SOLID WASTE
31917.52,EQUIPMENT OPERATOR IV,SOLID WASTE
27024.78,EQUIPMENT OPERATOR I,SOLID WASTE
33857.46,EQUIPMENT OP III,SOLID WASTE
21840,PARTTIME TECHNICIANS,TECHNOLOGY SOLUTIONS
45290.15,MANAGEMENT ASSISTANT,TECHNOLOGY SOLUTIONS
76506.56,COMPUTER SYSTEMS COORDINATOR,TECHNOLOGY SOLUTIONS
62086.96,BUSINESS ANALYST,TECHNOLOGY SOLUTIONS
108150.04,DIRECTOR OF TECHNOLOGY SOLUTIO,TECHNOLOGY SOLUTIONS
74504,DATA CENTER ADMINISTRATOR,TECHNOLOGY SOLUTIONS
50527.13,SR COMPUTER SYSTEMS ENGINEER,TECHNOLOGY SOLUTIONS
67782,SR COMPUTER SYSTEMS ENGINEER,TECHNOLOGY SOLUTIONS
77020.68,IT INFRASTRUCTURE MANAGER,TECHNOLOGY SOLUTIONS
46443.02,COMPUTER OPERATOR,TECHNOLOGY SOLUTIONS
56179.96,LOCAL AREA NETWORK ANALYST,TECHNOLOGY SOLUTIONS
66028.87,COMPUTER SYSTEMS ANALYST,TECHNOLOGY SOLUTIONS
58450.56,HELP DESK COORDINATOR,TECHNOLOGY SOLUTIONS
74504,NETWORK ANALYST,TECHNOLOGY SOLUTIONS
55124.98,SR COMPUTER SYSTEMS ENGINEER,TECHNOLOGY SOLUTIONS
55205.02,COMPUTER SYSTEMS ENGINEER,TECHNOLOGY SOLUTIONS
56364.67,SR COMPUTER SYSTEMS ENGINEER,TECHNOLOGY SOLUTIONS
57943.43,WEBMASTER,TECHNOLOGY SOLUTIONS
77276.74,WEB DEVELOPMENT ADMINISTRATOR,TECHNOLOGY SOLUTIONS
62921.22,COMPUTER SYSTEMS ANALYST,TECHNOLOGY SOLUTIONS
87350,SOFTWARE DEVELOP. ADMINISTRATO,TECHNOLOGY SOLUTIONS
65811.2,PARTTIME PROFESSIONAL,TECHNOLOGY SOLUTIONS
87350,DATABASE/SYSTEMS ADMINISTRATOR,TECHNOLOGY SOLUTIONS
74504,COMPUTER SYSTEMS ANALYST,TECHNOLOGY SOLUTIONS
74504,COMPUTER SYSTEMS ANALYST,TECHNOLOGY SOLUTIONS
74757.77,GIS DEVELOPMENT ADMINISTRATOR,TECHNOLOGY SOLUTIONS
66919.12,GEO INFORMATION SYSTEMS ANALYS,TECHNOLOGY SOLUTIONS
66281.8,GEO INFORMATION SYSTEMS ANALYS,TECHNOLOGY SOLUTIONS
73191.08,GEO INFORMATION SYSTEMS ANALYS,TECHNOLOGY SOLUTIONS
62512.09,GEO INFORMATION SYSTEMS ANALYS,TECHNOLOGY SOLUTIONS
66919.12,GEO INFORMATION SYSTEMS ANALYS,TECHNOLOGY SOLUTIONS
47077.4,MASTER MECHANIC,FLEET MANAGEMENT
25527.14,SERVICE MECHANIC,FLEET MANAGEMENT
45077.29,MASTER MECHANIC,FLEET MANAGEMENT
34977,STAFF ASSISTANT,FLEET MANAGEMENT
52188.86,FLEET MANAGEMENT ANALYST,FLEET MANAGEMENT
92026.59,FLEET MANAGEMENT DIRECTOR,FLEET MANAGEMENT
29939.5,SERVICE MECHANIC,FLEET MANAGEMENT
31834.95,SENIOR STOREKEEPER,FLEET MANAGEMENT
35558.25,MASTER MECHANIC,FLEET MANAGEMENT
59821.43,FLEET OPERATIONS SUPERVISOR,FLEET MANAGEMENT
25943.46,SERVICE MECHANIC,FLEET MANAGEMENT
35558.25,MASTER MECHANIC,FLEET MANAGEMENT
28874.25,MASTER MECHANIC,FLEET MANAGEMENT
36953.83,AUTOMOTIVE SERVICE WRITER,FLEET MANAGEMENT
70163.66,FLEET MANAGER,FLEET MANAGEMENT
29939.5,SERVICE MECHANIC,FLEET MANAGEMENT
37208.89,MASTER MECHANIC,FLEET MANAGEMENT
29939.5,SERVICE MECHANIC,FLEET MANAGEMENT
49236.32,ADMINISTRATIVE ASSISTANT,FLEET MANAGEMENT
47077.4,MASTER MECHANIC,FLEET MANAGEMENT
37648.34,AUTOMOTIVE SERVICE SUPERVISOR,FLEET MANAGEMENT
47077.4,MASTER MECHANIC,FLEET MANAGEMENT
29939.5,SERVICE MECHANIC,FLEET MANAGEMENT
47077.4,MASTER MECHANIC,FLEET MANAGEMENT
44604.33,MASTER MECHANIC,FLEET MANAGEMENT
35558.25,MASTER MECHANIC,FLEET MANAGEMENT
29161.11,SENIOR STOREKEEPER,FLEET MANAGEMENT
46768.39,AUTOMOTIVE SUPERVISOR,FLEET MANAGEMENT
48921.6,FLEET OPERATIONS SUPERVISOR,FLEET MANAGEMENT
28890.02,SENIOR STOREKEEPER,FLEET MANAGEMENT
41218.36,INVENTORY CONTROL SUPERVISOR,FLEET MANAGEMENT
43202.52,ADMINISTRATIVE ASSISTANT,FLEET MANAGEMENT
23733.54,SERVICE MECHANIC,FLEET MANAGEMENT
40606.26,MASTER MECHANIC,FLEET MANAGEMENT
34125.89,MANAGEMENT ASSISTANT,FLEET MANAGEMENT
37000.6,MASTER MECHANIC,GENERAL SERVICES
48048.37,FIRE EQUIPMENT SUPERVISOR,FLEET MANAGEMENT
40896.07,FIRE EQUIPMENT MECHANIC,FLEET MANAGEMENT
39085.2,FIRE EQUIPMENT MECHANIC,FLEET MANAGEMENT
42255,RADIO INSTALLATION TECHNICIAN,FLEET MANAGEMENT
43594.89,ELECRONICS TECHNICIAN,FLEET MANAGEMENT
52934.69,TELECOMMUNICATIONS TECHNICIAN,FLEET MANAGEMENT
37087.6,ELECRONICS TECHNICIAN,FLEET MANAGEMENT
45128.58,ELECRONICS TECHNICIAN,FLEET MANAGEMENT
68242,RADIO SYSTEMS MANAGER,FLEET MANAGEMENT
46757,TELECOMMUNICATIONS TECHNICIAN,FLEET MANAGEMENT
32818.8,RADIO INSTALLATION TECHNICIAN,GENERAL SERVICES
37510.26,MANAGEMENT ASSISTANT,NEIGHBORHOOD IMPROVEMENT SVCS
51535,COMMUNITY RELATIONS COORDINATO,NEIGHBORHOOD IMPROVEMENT SVCS
36511.29,HOUSING INSPECTOR,NEIGHBORHOOD IMPROVEMENT SVCS
37217.85,HOUSING INSPECTOR,NEIGHBORHOOD IMPROVEMENT SVCS
49127.64,HOUSING INSPECTOR,NEIGHBORHOOD IMPROVEMENT SVCS
61671,HOUSING CODE ADMINISTRATOR,NEIGHBORHOOD IMPROVEMENT SVCS
38304.54,MANAGEMENT ASSISTANT,NEIGHBORHOOD IMPROVEMENT SVCS
59489.39,HOUSING PROJECT ADMINISTRATOR,NEIGHBORHOOD IMPROVEMENT SVCS
49560.6,COMMUNITY RELATIONS COORDINATO,NEIGHBORHOOD IMPROVEMENT SVCS
36859.02,HOUSING INSPECTOR,NEIGHBORHOOD IMPROVEMENT SVCS
40909.51,ADMINISTRATIVE ASSISTANT,NEIGHBORHOOD IMPROVEMENT SVCS
49604.61,HOUSING INSPECTOR,NEIGHBORHOOD IMPROVEMENT SVCS
45750.7,COMMUNITY RELATIONS COORDINATO,NEIGHBORHOOD IMPROVEMENT SVCS
42540.51,COMMUNITY RELATIONS COORDINATO,NEIGHBORHOOD IMPROVEMENT SVCS
40638.09,PROPERTY RECORDS EXAMINER,NEIGHBORHOOD IMPROVEMENT SVCS
38057.88,HOUSING INSPECTOR,NEIGHBORHOOD IMPROVEMENT SVCS
38057.88,HOUSING INSPECTOR,NEIGHBORHOOD IMPROVEMENT SVCS
43275.81,HOUSING INSPECTOR,NEIGHBORHOOD IMPROVEMENT SVCS
37576.96,HOUSING INSPECTOR,NEIGHBORHOOD IMPROVEMENT SVCS
91717.63,NEIGH IMPROV SVS DIRECTOR,NEIGHBORHOOD IMPROVEMENT SVCS
39159.39,HOUSING SPECIALIST,NEIGHBORHOOD IMPROVEMENT SVCS
23920,PARTTIME OFFICE/CLERICAL,NEIGHBORHOOD IMPROVEMENT SVCS
33137.19,PROPERTY RECORDS EXAMINER,NEIGHBORHOOD IMPROVEMENT SVCS
54388.57,IMPACT TEAM MANAGER,NEIGHBORHOOD IMPROVEMENT SVCS
34413.62,CREW CHIEF II,NEIGHBORHOOD IMPROVEMENT SVCS
31356.11,EQUIPMENT OPERATOR IV,NEIGHBORHOOD IMPROVEMENT SVCS
25164.32,EQUIPMENT OP III,NEIGHBORHOOD IMPROVEMENT SVCS
36090.72,EQUIPMENT OPERATOR IV,NEIGHBORHOOD IMPROVEMENT SVCS
42255,CREW CHIEF I,NEIGHBORHOOD IMPROVEMENT SVCS
26933.63,EQUIPMENT OPERATOR II,NEIGHBORHOOD IMPROVEMENT SVCS
25659.68,LABORER,NEIGHBORHOOD IMPROVEMENT SVCS
21008,SERVICE MAINTENANCE,ECONOMIC & EMPLOYMENT DEVELOPM
19988.8,SERVICE MAINTENANCE,ECONOMIC & EMPLOYMENT DEVELOPM
15828.8,SERVICE MAINTENANCE,ECONOMIC & EMPLOYMENT DEVELOPM
15828.8,SERVICE MAINTENANCE,ECONOMIC & EMPLOYMENT DEVELOPM
15828.8,SERVICE MAINTENANCE,ECONOMIC & EMPLOYMENT DEVELOPM
15828.8,SERVICE MAINTENANCE,ECONOMIC & EMPLOYMENT DEVELOPM
15828.8,SERVICE MAINTENANCE,ECONOMIC & EMPLOYMENT DEVELOPM
15828.8,SERVICE MAINTENANCE,ECONOMIC & EMPLOYMENT DEVELOPM
42011.58,HOUSING/CD PROGRAM SPECIALIST,DEPT OF COMMUNITY DEVELOPMENT
27314.74,SECRETARY,ECONOMIC & EMPLOYMENT DEVELOPM
59314,ECONOMIC DEVELOPMENT ADMIN,ECONOMIC & EMPLOYMENT DEVELOPM
47299.64,EMPLOYMENT PROGRAM COORDINATOR,ECONOMIC & EMPLOYMENT DEVELOPM
42270.77,EMPLOYMENT PROGRAM COORDINATOR,ECONOMIC & EMPLOYMENT DEVELOPM
43501.81,EMPLOYMENT PROGRAM COORDINATOR,ECONOMIC & EMPLOYMENT DEVELOPM
60320,PT OFFICE/CLERICAL W/BENE,ECONOMIC & EMPLOYMENT DEVELOPM
56485,SR EMPLOYMENT PROGRAM COORD,ECONOMIC & EMPLOYMENT DEVELOPM
53053.55,SR EMPLOYMENT PROGRAM COORD,ECONOMIC & EMPLOYMENT DEVELOPM
21008,PARTTIME OFFICE/CLERICAL,CITY MANAGER
21008,PARTTIME OFFICE/CLERICAL,ECONOMIC & EMPLOYMENT DEVELOPM
51938.25,SR EMPLOYMENT PROGRAM COORD,ECONOMIC & EMPLOYMENT DEVELOPM
24960,PARA PROFESSIONAL,ECONOMIC & EMPLOYMENT DEVELOPM
36973.94,PROGRAM ASSISTANT,POLICE
46010.87,EMERGENCY INFORMATION SERV COO,EMERGENCY COMMUNICATION
38444,ENHANCED 911 DATABASE COORDINA,EMERGENCY COMMUNICATION
60632,ECONOMIC DEVELOPMENT ADMIN,ECONOMIC & EMPLOYMENT DEVELOPM
55565.92,ECONOMIC DEVELOPMENT COORDINAT,ECONOMIC & EMPLOYMENT DEVELOPM
20800,PARTTIME TECHNICIANS,PUBLIC WORKS
48510.01,ECONOMIC DEVELOPMENT COORDINAT,ECONOMIC & EMPLOYMENT DEVELOPM
41039.44,COMMUNITY RELATIONS COORDINATO,HUMAN RELATIONS
49578.16,SENIOR PLANNER,CITY/COUNTY PLANNING
46757,REVENUE COLLECTIONS SUPERVISOR,FINANCE
25020.24,REVENUE CASHIER,FINANCE
24305.32,REVENUE CASHIER,FINANCE
26008.44,REVENUE CASHIER,FINANCE
31820.1,REVENUE CASHIER,FINANCE
59951.84,ASST ENGINEERING SERVICES SUPV,PUBLIC WORKS
60681.93,SENIOR ENGINEERING TECHNICIAN,PUBLIC WORKS
76960,PARTTIME PROFESSIONAL,PUBLIC WORKS
47195.98,SENIOR ENGINEERING TECHNICIAN,PUBLIC WORKS
39085.2,ENGINEERING INSPECTOR,PUBLIC WORKS
55483.29,SENIOR ENGINEERING DESIGNER,PUBLIC WORKS
40763.51,ENGINEERING INSPECTOR,PUBLIC WORKS
26516,ROAD WORKER,PUBLIC WORKS
39085.2,ENGINEERING INSPECTOR,PUBLIC WORKS
55650.08,CIVIL ENGINEER II,PUBLIC WORKS
53573.5,SENIOR ENGINEERING DESIGNER,PUBLIC WORKS
61006.4,PARTTIME PROFESSIONAL,PUBLIC WORKS
50720.42,SENIOR ENGINEERING INSPECTOR,PUBLIC WORKS
39442.49,EXECUTIVE SECRETARY,PUBLIC WORKS
32130.19,UTILITY LOCATOR,PUBLIC WORKS
82540.14,CIVIL ENGINEER IV,PUBLIC WORKS
45128.58,SURVEY PARTY CHIEF,PUBLIC WORKS
47257.78,ENGINEERING DESIGNER,PUBLIC WORKS
78667.37,CIVIL ENGINEER IV,PUBLIC WORKS
54617.41,SENIOR ENGINEERING TECHNICIAN,PUBLIC WORKS
68135.97,ENGINEERING SERVICES SUPERVISO,PUBLIC WORKS
35669.3,ENGINEERING TECHNICIAN,PUBLIC WORKS
35669.3,ENGINEERING TECHNICIAN,PUBLIC WORKS
57299.85,CIVIL ENGINEER I,PUBLIC WORKS
84364.84,CIVIL ENGINEER V,PUBLIC WORKS
28281.82,SECRETARY,WATER MANAGEMENT
81358.41,CIVIL ENGINEER III,WATER MANAGEMENT
56530.16,CROSS CONNECTION CONTROL SUPER,WATER MANAGEMENT
43375.44,CROSS CONNECTION CONTROL INSPE,WATER MANAGEMENT
61671,SAFETY OFFICER,WATER MANAGEMENT
86822.1,CIVIL ENGINEER V,WATER MANAGEMENT
39985.95,EXECUTIVE SECRETARY,WATER MANAGEMENT
41474.98,HUMAN RESOURCES CONSULTANT,WATER MANAGEMENT
79161.16,CIVIL ENGINEER III,WATER MANAGEMENT
40698.04,CROSS CONNECTION CONTROL INSPE,WATER MANAGEMENT
32136.8,SECRETARY,WATER MANAGEMENT
54059.62,CROSS CONNECTION CONTROL INSPE,WATER MANAGEMENT
116751.16,DIRECTOR OF WATER MANAGEMENT,WATER MANAGEMENT
54801.84,OPERATIONS & EVALUATION ADMIN,WATER MANAGEMENT
49447.11,ADMINISTRATIVE ASSISTANT,WATER MANAGEMENT
51610.71,CHEMIST,WATER MANAGEMENT
37290.57,SECRETARY,WATER MANAGEMENT
45698.72,LABORATORY TECHNICIAN,WATER MANAGEMENT
54371.74,CHEMIST,WATER MANAGEMENT
43998.08,LABORATORY TECHNICIAN,WATER MANAGEMENT
56873.21,CHEMIST,WATER MANAGEMENT
52504.92,CHEMIST,WATER MANAGEMENT
45698.72,LABORATORY TECHNICIAN,WATER MANAGEMENT
41766.27,LABORATORY TECHNICIAN,WATER MANAGEMENT
32352.6,PLANT OPERATOR II,WATER MANAGEMENT
39224.12,PLANT OPERATOR II,WATER MANAGEMENT
24523.96,SENIOR LABORER,WATER MANAGEMENT
39323.61,ELECRONICS TECHNICIAN,WATER MANAGEMENT
39520.41,PLANT OPERATOR II,WATER MANAGEMENT
52053.09,PLANT SUPERVISOR,WATER MANAGEMENT
42960.75,OPERATIONS SPECIALIST,WATER MANAGEMENT
41813.79,PLANT MAINTENANCE MECHANIC,WATER MANAGEMENT
62898.55,PLANT SUPERVISOR,WATER MANAGEMENT
38660.2,PLANT OPERATOR II,WATER MANAGEMENT
35521.38,PLANT OPERATOR II,WATER MANAGEMENT
39224.32,PLANT OPERATOR II,WATER MANAGEMENT
28033,PLANT OPERATOR I,WATER MANAGEMENT
32352.6,PLANT OPERATOR II,WATER MANAGEMENT
73237.93,WATER/WASTEWATER SUPERINTENDEN,WATER MANAGEMENT
45698.72,PLANT OPERATOR II,WATER MANAGEMENT
45445.93,PLANT OPERATOR III,WATER MANAGEMENT
39224.32,PLANT OPERATOR II,WATER MANAGEMENT
25986.74,PLANT OPERATOR II,WATER MANAGEMENT
32611.47,SECRETARY,WATER MANAGEMENT
43601.17,PLANT OPERATOR II,WATER MANAGEMENT
34162.37,PLANT OPERATOR II,WATER MANAGEMENT
36268.44,PLANT OPERATOR II,WATER MANAGEMENT
26723.58,SENIOR LABORER,WATER MANAGEMENT
43383.39,PLANT OPERATOR III,WATER MANAGEMENT
43697.77,PLANT OPERATOR II,WATER MANAGEMENT
45698.72,PLANT OPERATOR II,WATER MANAGEMENT
42355.97,PLANT OPERATOR II,WATER MANAGEMENT
39328.36,PLANT OPERATOR II,WATER MANAGEMENT
32377.8,PLANT OPERATOR II,WATER MANAGEMENT
35844.63,LABORATORY TECHNICIAN,WATER MANAGEMENT
36725.75,SECRETARY,WATER MANAGEMENT
32352.6,PLANT OPERATOR II,WATER MANAGEMENT
28547,PLANT OPERATOR I,WATER MANAGEMENT
32377.8,PLANT OPERATOR I,WATER MANAGEMENT
45445.93,PLANT OPERATOR II,WATER MANAGEMENT
38587.54,PLANT MAINTENANCE MECHANIC,WATER MANAGEMENT
44983.65,PLANT OPERATOR II,WATER MANAGEMENT
43697.77,PLANT OPERATOR II,WATER MANAGEMENT
62921.32,ASST WATER/WASTEWATER SUPERINT,WATER MANAGEMENT
32352.6,PLANT OPERATOR II,WATER MANAGEMENT
54655.14,INDUSTRIAL PRETREATMENT COORD,WATER MANAGEMENT
47866.35,CONSERVATION COORDINATOR,WATER MANAGEMENT
37723.29,CONSERVATION SPECIALIST,WATER MANAGEMENT
72128.83,WATER/WASTEWATER SUPERINTENDEN,WATER MANAGEMENT
45760,PT TECH W/BENEFITS,WATER MANAGEMENT
61671,TRADES SUPERVISOR,WATER MANAGEMENT
32352.6,PLANT MAINTENANCE MECHANIC,WATER MANAGEMENT
35863.95,PLANT MAINTENANCE MECHANIC,WATER MANAGEMENT
32780.97,EQUIPMENT OP III,WATER MANAGEMENT
43383.34,PLANT MAINTENANCE MECHANIC,WATER MANAGEMENT
45774.68,ELECRONICS TECHNICIAN,WATER MANAGEMENT
40141.59,PLANT MAINTENANCE MECHANIC,WATER MANAGEMENT
51045,MAINTENANCE MECHANIC SUPERVISO,WATER MANAGEMENT
27059.28,EQUIPMENT OPERATOR I,WATER MANAGEMENT
78127.32,WATER/WASTEWATER SUPERINTENDEN,WATER MANAGEMENT
42573.18,ELECRICIAN,WATER MANAGEMENT
50783.67,ENGINE/GENERATOR TECHNICIAN,WATER MANAGEMENT
34989.34,PLANT MAINTENANCE MECHANIC,WATER MANAGEMENT
47384.99,ELECRONICS TECHNICIAN,WATER MANAGEMENT
37254.78,EQUIPMENT OP III,WATER MANAGEMENT
38682.9,ELECRICIAN,WATER MANAGEMENT
33969.75,EQUIPMENT COORDINATOR,WATER MANAGEMENT
52883.13,INSTRUMENTATION SUPERVISOR,WATER MANAGEMENT
27841.8,EQUIPMENT OPERATOR I,WATER MANAGEMENT
58914.45,ELECRICIAN SUPERVISOR,WATER MANAGEMENT
35863.95,PLANT MAINTENANCE MECHANIC,WATER MANAGEMENT
46443,ELECRICIAN,WATER MANAGEMENT
31428.32,PLANT MAINTENANCE MECHANIC,WATER MANAGEMENT
38082.89,ELECRONICS TECHNICIAN,WATER MANAGEMENT
55029.06,PLANT MAINTENANCE MECHANIC SUP,WATER MANAGEMENT
29582.28,SENIOR STOREKEEPER,WATER MANAGEMENT
46443,ELECRICIAN,WATER MANAGEMENT
46004.85,ENGINE/GENERATOR TECHNICIAN,WATER MANAGEMENT
30922.05,PLANT MAINTENANCE PAINTER,WATER MANAGEMENT
38101.22,EQUIPMENT OPERATOR IV,WATER MANAGEMENT
46442.99,PLANT MAINTENANCE MECHANIC,WATER MANAGEMENT
26218.37,PLANT MAINTENANCE PAINTER,WATER MANAGEMENT
37991.73,MAINTENANCE MECHANIC,WATER MANAGEMENT
47384.99,ELECRONICS TECHNICIAN,WATER MANAGEMENT
29434.65,UTILITY ACCOUNT REPRESENTATIVE,WATER MANAGEMENT
26165.49,FIELD SERVICE REPRESENTATIVE,WATER MANAGEMENT
28033,UTILITY ACCOUNT REPRESENTATIVE,WATER MANAGEMENT
18179.2,SERVICE MAINTENANCE,WATER MANAGEMENT
30839.81,FIELD SERVICE REPRESENTATIVE,WATER MANAGEMENT
40378.95,CUSTOMER SERVICE SUPERVISOR,WATER MANAGEMENT
31087.06,UTILITY ACCOUNT REPRESENTATIVE,WATER MANAGEMENT
31448.37,UTILITY ACCOUNT REPRESENTATIVE,WATER MANAGEMENT
33413.84,FIELD SERVICE REPRESENTATIVE,WATER MANAGEMENT
29434.65,UTILITY ACCOUNT REPRESENTATIVE,WATER MANAGEMENT
27256.97,FIELD SERVICE REPRESENTATIVE,WATER MANAGEMENT
28033,UTILITY ACCOUNT REPRESENTATIVE,WATER MANAGEMENT
17004,SERVICE MAINTENANCE,WATER MANAGEMENT
36301.91,UTILITY ACCOUNT REPRESENTATIVE,WATER MANAGEMENT
36227.4,UTILITY ACCOUNT REPRESENTATIVE,WATER MANAGEMENT
29434.65,UTILITY ACCOUNT REPRESENTATIVE,WATER MANAGEMENT
32468.16,FIELD SERVICE REPRESENTATIVE,WATER MANAGEMENT
38425.18,UTILITY ACCOUNT REPRESENTATIVE,WATER MANAGEMENT
74504,BILLING MANAGER,WATER MANAGEMENT
44324.97,PLANT OPERATOR II,WATER MANAGEMENT
39224.32,PLANT OPERATOR II,WATER MANAGEMENT
46443,PLANT MAINTENANCE MECHANIC,WATER MANAGEMENT
32352.06,PLANT OPERATOR II,WATER MANAGEMENT
28033,PLANT OPERATOR I,WATER MANAGEMENT
37858.29,PLANT MAINTENANCE MECHANIC,WATER MANAGEMENT
66901.82,PLANT SUPERVISOR,WATER MANAGEMENT
45698.72,PLANT OPERATOR II,WATER MANAGEMENT
62747.96,WATER/WASTEWATER SUPERINTENDEN,WATER MANAGEMENT
45073.07,PLANT OPERATOR II,WATER MANAGEMENT
39985.95,PLANT OPERATOR II,WATER MANAGEMENT
32352.6,PLANT OPERATOR II,WATER MANAGEMENT
35212,LAB SAMPLING TECHNICIAN,WATER MANAGEMENT
25220.46,SENIOR LABORER,WATER MANAGEMENT
30336.29,SECRETARY,WATER MANAGEMENT
39224.32,PLANT OPERATOR II,WATER MANAGEMENT
50237.68,PLANT OPERATOR III,WATER MANAGEMENT
45882.63,PLANT OPERATOR II,WATER MANAGEMENT
78229.32,WATER/WASTEWATER SUPERINTENDEN,WATER MANAGEMENT
34760.74,EQUIPMENT OP III,WATER MANAGEMENT
50228.13,PLANT OPERATOR III,WATER MANAGEMENT
49339.29,PLANT OPERATOR III,WATER MANAGEMENT
40001.24,PLANT OPERATOR II,WATER MANAGEMENT
65627.5,PLANT SUPERVISOR,WATER MANAGEMENT
81225.79,WATER/WASTEWATER SUPERINTENDEN,WATER MANAGEMENT
45698.72,PLANT OPERATOR II,WATER MANAGEMENT
45073.07,PLANT OPERATOR II,WATER MANAGEMENT
35715.45,PLANT OPERATOR II,WATER MANAGEMENT
41157.21,PLANT OPERATOR II,WATER MANAGEMENT
46443,PLANT MAINTENANCE MECHANIC,WATER MANAGEMENT
32773.14,EQUIPMENT OP III,WATER MANAGEMENT
44983.65,PLANT OPERATOR II,WATER MANAGEMENT
51868.42,UTILITY SYSTEM SUPERVISOR,WATER MANAGEMENT
23152.5,LABORER,WATER MANAGEMENT
23810.47,LABORER,WATER MANAGEMENT
24309.6,UTILITY WORKER,WATER MANAGEMENT
23152.5,SENIOR LABORER,WATER MANAGEMENT
34293.84,CREW CHIEF II,WATER MANAGEMENT
24837.83,SENIOR LABORER,WATER MANAGEMENT
28821,SENIOR LABORER,WATER MANAGEMENT
22050,LABORER,WATER MANAGEMENT
40637.1,CREW CHIEF II,WATER MANAGEMENT
36287.98,UTILITY MAINTENANCE SPECIALIST,WATER MANAGEMENT
27989.36,LABORER,WATER MANAGEMENT
24405.76,LABORER,WATER MANAGEMENT
38444,ACCOUNTING TECHNICIAN,WATER MANAGEMENT
22049.94,LABORER,WATER MANAGEMENT
28821,SENIOR LABORER,WATER MANAGEMENT
25763.23,LABORER,WATER MANAGEMENT
42192.01,ENGINEERING TECHNICIAN,WATER MANAGEMENT
51247.17,EQUIPMENT MAINTENANCE SUPERVIS,WATER MANAGEMENT
31820,EQUIPMENT OPERATOR I,WATER MANAGEMENT
32468.16,UTILITY MAINTENANCE SPECIALIST,WATER MANAGEMENT
27656.82,SENIOR LABORER,WATER MANAGEMENT
38424.7,CREW CHIEF II,WATER MANAGEMENT
22050,LABORER,WATER MANAGEMENT
34652.8,SERVICE MAINTENANCE,WATER MANAGEMENT
55602.32,UTILITY SYSTEM SUPERVISOR,WATER MANAGEMENT
28821,SENIOR LABORER,WATER MANAGEMENT
23604,EQUIPMENT OPERATOR I,WATER MANAGEMENT
54116.37,UTILITY SYSTEM SUPERVISOR,WATER MANAGEMENT
30808,UTILITY MAINTENANCE SPECIALIST,WATER MANAGEMENT
35668.72,CREW CHIEF II,WATER MANAGEMENT
23152.58,SENIOR LABORER,WATER MANAGEMENT
23810.51,LABORER,WATER MANAGEMENT
46443,MANAGEMENT ASSISTANT,WATER MANAGEMENT
25001.07,SENIOR LABORER,WATER MANAGEMENT
23152.5,LABORER,WATER MANAGEMENT
23152.5,LABORER,WATER MANAGEMENT
26509.88,SENIOR LABORER,WATER MANAGEMENT
23152.5,LABORER,WATER MANAGEMENT
51045,ENGINEERING TECHNICIAN,WATER MANAGEMENT
43371.07,CREW CHIEF II,WATER MANAGEMENT
74570.92,WATER DIST & COLLECTION SUPT,WATER MANAGEMENT
35435.7,EQUIPMENT OP III,WATER MANAGEMENT
40637.1,CREW CHIEF II,WATER MANAGEMENT
29925.32,SERVICE DISPATCHER,WATER MANAGEMENT
71868.23,AST WATER DIST & COLLECTION SU,WATER MANAGEMENT
36195.98,CREW CHIEF I,WATER MANAGEMENT
25504,UTILITY MAINTENANCE SPECIALIST,WATER MANAGEMENT
22050,LABORER,WATER MANAGEMENT
34553.32,EQUIPMENT OP III,WATER MANAGEMENT
30332.53,UTILITY WORKER,WATER MANAGEMENT
26271.69,EQUIPMENT OPERATOR I,WATER MANAGEMENT
41168.26,CREW CHIEF II,WATER MANAGEMENT
48089.75,INVENTORY CONTROL SUPERVISOR,WATER MANAGEMENT
26250,EQUIPMENT OPERATOR I,WATER MANAGEMENT
22050,LABORER,WATER MANAGEMENT
31930.23,EQUIPMENT TECHNICIAN,WATER MANAGEMENT
32746.74,UTILITY MAINTENANCE SPECIALIST,WATER MANAGEMENT
30270.82,UTILITY MAINTENANCE SPECIALIST,WATER MANAGEMENT
22050,LABORER,WATER MANAGEMENT
22050,LABORER,WATER MANAGEMENT
29186.87,UTILITY MAINTENANCE SPECIALIST,WATER MANAGEMENT
27118.09,UTILITY WORKER,WATER MANAGEMENT
51789.57,UTILITY SYSTEM SUPERVISOR,WATER MANAGEMENT
22050,LABORER,WATER MANAGEMENT
29993.25,EQUIPMENT OP III,WATER MANAGEMENT
37186.56,CREW CHIEF II,WATER MANAGEMENT
38292.57,CREW CHIEF II,WATER MANAGEMENT
28692,LABORER,WATER MANAGEMENT
62174.42,COMPUTER SYSTEMS COORDINATOR,WATER MANAGEMENT
37673.11,SECRETARY,WATER MANAGEMENT
22049.94,LABORER,WATER MANAGEMENT
58344,TEMPORARY PROFESSIONALS,WATER MANAGEMENT
28821,SENIOR LABORER,WATER MANAGEMENT
22050,LABORER,WATER MANAGEMENT
35212,EQUIPMENT TECHNICIAN,WATER MANAGEMENT
23152.5,SENIOR LABORER,WATER MANAGEMENT
51045,MAINTENANCE MECHANIC SUPERVISO,WATER MANAGEMENT
33544.84,UTILITY MAINTENANCE SPECIALIST,WATER MANAGEMENT
37639.53,EQUIPMENT OPERATOR IV,WATER MANAGEMENT
78949.44,CIVIL ENGINEER IV,WATER MANAGEMENT
30478.48,ENGINEERING TECHNICIAN,WATER MANAGEMENT
47510.96,SENIOR ENGINEERING TECHNICIAN,WATER MANAGEMENT
49011.42,SENIOR ENGINEERING TECHNICIAN,WATER MANAGEMENT
30184.94,METER READER,WATER MANAGEMENT
27405.97,METER READER,WATER MANAGEMENT
24638.19,LABORER,WATER MANAGEMENT
33655.16,CREW CHIEF I,WATER MANAGEMENT
23604.13,SENIOR LABORER,WATER MANAGEMENT
22050,LABORER,WATER MANAGEMENT
25866.24,LABORER,WATER MANAGEMENT
27941.5,METER READER,WATER MANAGEMENT
22050,LABORER,WATER MANAGEMENT
37827.65,WATER METER SPECIALIST,WATER MANAGEMENT
40112.1,CREW CHIEF I,WATER MANAGEMENT
30947.31,WATER METER SPECIALIST,WATER MANAGEMENT
24784.34,METER READER,WATER MANAGEMENT
21000,LABORER,WATER MANAGEMENT
22186.63,LABORER,WATER MANAGEMENT
23604.13,METER READER,WATER MANAGEMENT
27224.82,SENIOR LABORER,WATER MANAGEMENT
28906.06,UTILITY MAINTENANCE SPECIALIST,WATER MANAGEMENT
30611.27,STAFF ASSISTANT,WATER MANAGEMENT
31226.51,UTILITY MAINTENANCE SPECIALIST,WATER MANAGEMENT
29744.81,WATER METER SPECIALIST,WATER MANAGEMENT
26521.6,METER READER,WATER MANAGEMENT
22050,LABORER,WATER MANAGEMENT
31719.71,WATER METER SPECIALIST,WATER MANAGEMENT
28032.73,SENIOR WATER METER SPECIALIST,WATER MANAGEMENT
44790.3,BULK WATER TECHNICIAN,WATER MANAGEMENT
46757,TRANSPORTATION PLANNER I,PUBLIC WORKS
38948.64,PROGRAM ASSISTANT,PUBLIC WORKS
54301.5,FISCAL PROGRAM ACCOUNTANT,PUBLIC WORKS
87350.12,TRANSIT ADMINISTRATOR,PUBLIC WORKS
39293.95,PUBLIC AFFAIRS  SPECIALIST,PUBLIC WORKS
42388.66,CREW CHIEF I,SOLID WASTE
23356.2,CITY ATTENDANT,SOLID WASTE
26175.39,CITY ATTENDANT,SOLID WASTE
25685.68,CITY ATTENDANT,SOLID WASTE
28446.05,SCALE OPERATOR,SOLID WASTE
19988.8,SERVICE MAINTENANCE,SOLID WASTE
23275.2,PARTTIME OFFICE/CLERICAL,SOLID WASTE
22954.1,EQUIPMENT OP III,SOLID WASTE
23910,LABORER,SOLID WASTE
27743.62,EQUIPMENT OP III,SOLID WASTE
57389.62,CIVIL ENGINEER II,PUBLIC WORKS
41973.41,SR WATER QUALITY TECHNICIAN,PUBLIC WORKS
75007,CIVIL ENGINEER IV,PUBLIC WORKS
71233.67,CIVIL ENGINEER IV,PUBLIC WORKS
52296.2,GEOGRAPHIC INFORMATION SYS COO,PUBLIC WORKS
75412.43,CIVIL ENGINEER IV,PUBLIC WORKS
49612.52,SENIOR ENGINEERING TECHNICIAN,PUBLIC WORKS
46266.3,SR WATER QUALITY TECHNICIAN,PUBLIC WORKS
65100,CIVIL ENGINEER II,PUBLIC WORKS
37224,ENGINEERING INSPECTOR,PUBLIC WORKS
26014.04,CUSTOMER SERVICE REPRESENTATIV,PUBLIC WORKS
50050.5,CIVIL ENGINEER I,PUBLIC WORKS
53576.48,WATER QUALITY SPECIALIST,PUBLIC WORKS
48616.13,GEOGRAPHIC INFORMATION SYS COO,PUBLIC WORKS
44574.65,EXECUTIVE SECRETARY,PUBLIC WORKS
56429.1,WATER QUALITY SPECIALIST,PUBLIC WORKS
48187.3,SENIOR ENGINEERING TECHNICIAN,PUBLIC WORKS
51685.47,ADMINISTRATIVE ASSISTANT,PUBLIC WORKS
76607.57,CIVIL ENGINEER IV,PUBLIC WORKS
45000,ADMINISTRATIVE ASSISTANT,PUBLIC WORKS
43936.85,ENGINEERING TECHNICIAN,PUBLIC WORKS
33500,UTILITY ACCOUNT REPRESENTATIVE,PUBLIC WORKS
85450.83,CIVIL ENGINEER V,PUBLIC WORKS
64049.9,CIVIL ENGINEER II,PUBLIC WORKS
39105.37,ENGINEERING TECHNICIAN,PUBLIC WORKS
56496.52,SENIOR ENGINEERING DESIGNER,PUBLIC WORKS
44508.01,PUBLIC WORKS SUPERVISOR,PUBLIC WORKS
30796.04,EQUIPMENT OP III,PUBLIC WORKS
40136.79,CREW CHIEF II,PUBLIC WORKS
32036,EQUIPMENT OP III,PUBLIC WORKS
26806.42,EQUIPMENT OP III,PUBLIC WORKS
26250.04,EQUIPMENT OPERATOR I,PUBLIC WORKS
25567.96,ROAD WORKER,PUBLIC WORKS
23268,ROAD WORKER,PUBLIC WORKS
20999.94,LABORER,PUBLIC WORKS
23828.93,EQUIPMENT OPERATOR I,PUBLIC WORKS
24728.33,EQUIPMENT OPERATOR I,PUBLIC WORKS
32352.68,CREW CHIEF II,PUBLIC WORKS
22050,LABORER,PUBLIC WORKS
32628.96,CREW CHIEF II,PUBLIC WORKS
26422.03,ROAD WORKER,PUBLIC WORKS
28280.34,EQUIPMENT OP III,PUBLIC WORKS
25357.6,EQUIPMENT OPERATOR I,PUBLIC WORKS
22050,LABORER,PUBLIC WORKS
27582.83,EQUIPMENT OP III,SOLID WASTE
52980.75,PUBLIC WORKS SUPERVISOR,SOLID WASTE
25098.19,SENIOR LABORER,SOLID WASTE
31448.72,CREW CHIEF I,SOLID WASTE
32856.64,EQUIPMENT OP III,SOLID WASTE
24405.73,SENIOR LABORER,SOLID WASTE
23356.44,LABORER,SOLID WASTE
34447.6,EQUIPMENT OP III,SOLID WASTE
32907.8,EQUIPMENT OP III,SOLID WASTE
26779.39,EQUIPMENT OP III,SOLID WASTE
25539.32,SENIOR LABORER,SOLID WASTE
32282.75,EQUIPMENT OP III,SOLID WASTE
23695.59,SENIOR LABORER,SOLID WASTE
23578.96,SENIOR LABORER,SOLID WASTE
27582.56,EQUIPMENT OP III,SOLID WASTE
23579.84,SENIOR LABORER,SOLID WASTE
33393.07,EQUIPMENT OP III,SOLID WASTE
28853.37,EQUIPMENT OPERATOR II,SOLID WASTE
22050,LABORER,SOLID WASTE
38969.99,CREW CHIEF I,SOLID WASTE
30317.74,EQUIPMENT OP III,SOLID WASTE
20999.94,LABORER,SOLID WASTE
28692.04,LABORER,SOLID WASTE
36944.03,MAINTENANCE MECHANIC,GENERAL SERVICES
31499.83,MAINTENANCE MECHANIC,GENERAL SERVICES
37302.63,MAINTENANCE MECHANIC,GENERAL SERVICES
46629.76,CONTRACT ADMINISTRATOR,GENERAL SERVICES
